"","chr","start","end","map","prop","ref","bin","arm","size","gc"
"1","chr1",2875356,3875356,0.986913184990954,0.995835,"H4K20me1-human_GM12878_ENCFF001SUQ",124,"1p","1mb",0.550795449204551
"2","chr1",22414037,23414037,0.992294468950032,0.969097,"H3K27me3-human_GM12878_ENCFF001SUI",18,"1p","1mb",0.49009650990349
"3","chr1",47808029,48808029,0.967864184401805,0.93997,"H3K27me3-human_GM12878_ENCFF001SUI",19,"1p","1mb",0.457271542728457
"4","chr1",61236573,62236573,0.985770512477688,0.937468,"H3K27me3-human_GM12878_ENCFF001SUI",20,"1p","1mb",0.403796596203404
"5","chr1",172335201,173335201,0.962422455156937,0.902565,"H3K27me3-human_GM12878_ENCFF001SUI",21,"1q","1mb",0.386177613822386
"6","chr1",174937537,175937537,0.985560771617681,0.973398,"H3K27me3-human_GM12878_ENCFF001SUI",22,"1q","1mb",0.43042656957343
"7","chr1",207885127,208885127,0.980514382223243,0.983151,"H4K20me1-human_GM12878_ENCFF001SUQ",125,"1q","1mb",0.434204565795434
"8","chr1",228688912,229688912,0.936356676968116,0.911599,"H3K27me3-human_GM12878_ENCFF001SUI",23,"1q","1mb",0.452432547567452
"9","chr10",3682335,4682335,0.993682720507394,1.023521,"H3K27me3-human_GM12878_ENCFF001SUI",4,"10p","1mb",0.402801597198403
"10","chr10",4868885,5868885,0.94189878263422,0.977732,"H3K27me3-human_GM12878_ENCFF001SUI",5,"10p","1mb",0.424930575069425
"11","chr10",7710213,8710213,0.991625391038204,0.936043,"H3K27me3-human_GM12878_ENCFF001SUI",6,"10p","1mb",0.413681586318414
"12","chr10",25803408,26803408,0.967560488671903,1.126316,"H3K27me3-human_GM12878_ENCFF001SUI",7,"10p","1mb",0.395319604680395
"13","chr10",50136461,51136461,0.932272853973994,0.928974,"H3K27me3-human_GM12878_ENCFF001SUI",8,"10q","1mb",0.444521555478445
"14","chr10",78602745,79602745,0.987543026330898,0.996383,"H3K27me3-human_GM12878_ENCFF001SUI",9,"10q","1mb",0.441690558309442
"15","chr10",90392614,91392614,0.983369842922415,1.053762,"H3K27me3-human_GM12878_ENCFF001SUI",10,"10q","1mb",0.38976261023739
"16","chr10",108689651,109689651,0.988082088258298,0.916417,"H3K27me3-human_GM12878_ENCFF001SUI",11,"10q","1mb",0.377834622165378
"17","chr10",111188607,112188607,0.957370429540377,0.948361,"H3K27me3-human_GM12878_ENCFF001SUI",12,"10q","1mb",0.412623587376413
"18","chr10",118763725,119763725,0.982050823278962,0.934701,"H3K27me3-human_GM12878_ENCFF001SUI",13,"10q","1mb",0.436927563072437
"19","chr10",123713300,124713300,0.95880742601163,0.968817,"H3K27me3-human_GM12878_ENCFF001SUI",14,"10q","1mb",0.452040547959452
"20","chr10",125918518,126918518,0.98744731433224,0.95391,"H3K27me3-human_GM12878_ENCFF001SUI",15,"10q","1mb",0.487612512387488
"21","chr11",35596256,36596256,0.967511962417808,0.914585,"H4K20me1-human_GM12878_ENCFF001SUQ",136,"11p","1mb",0.425758574241426
"22","chr11",117265697,118265697,0.986376523123204,0.998514,"H3K27me3-human_GM12878_ENCFF001SUI",31,"11q","1mb",0.478813521186479
"23","chr12",8559065,9559065,0.931323660830239,0.997167,"H3K27me3-human_GM12878_ENCFF001SUI",46,"12p","1mb",0.415689584310416
"24","chr12",41035561,42035561,0.973126962356744,0.903951,"H3K27me3-human_GM12878_ENCFF001SUI",47,"12q","1mb",0.360561639438361
"25","chr12",42631496,43631496,0.973286821440828,0.955707,"H3K27me3-human_GM12878_ENCFF001SUI",48,"12q","1mb",0.391493608506391
"26","chr12",75831547,76831547,0.975752060709241,1.099858,"H3K27me3-human_GM12878_ENCFF001SUI",49,"12q","1mb",0.392861607138393
"27","chr12",88971590,89971590,0.972625847697115,0.951359,"H3K27me3-human_GM12878_ENCFF001SUI",50,"12q","1mb",0.380808619191381
"28","chr12",93867363,94867363,0.981724485032012,1.161828,"H3K27me3-human_GM12878_ENCFF001SUI",51,"12q","1mb",0.411997588002412
"29","chr12",103192786,104192786,0.963153266495073,0.918392,"H3K9me3-human_GM12878_ENCFF001SUP",121,"12q","1mb",0.4000075999924
"30","chr12",108149132,109149132,0.989480091164175,0.900078,"H3K27me3-human_GM12878_ENCFF001SUI",52,"12q","1mb",0.447277552722447
"31","chr12",109350574,110350574,0.98708153978149,0.913049,"H3K27me3-human_GM12878_ENCFF001SUI",53,"12q","1mb",0.452387547612452
"32","chr12",110860433,111860433,0.984863503601983,1.017126,"H3K27me3-human_GM12878_ENCFF001SUI",54,"12q","1mb",0.472883527116473
"33","chr12",116219109,117219109,0.992838141281417,1.274496,"H3K27me3-human_GM12878_ENCFF001SUI",55,"12q","1mb",0.42981857018143
"34","chr13",74033115,75033115,0.976610005781439,0.929168,"H4K20me1-human_GM12878_ENCFF001SUQ",126,"13q","1mb",0.380816619183381
"35","chr13",75874007,76874007,0.978328196306152,0.906604,"H4K20me1-human_GM12878_ENCFF001SUQ",127,"13q","1mb",0.377109622890377
"36","chr13",103072094,104072094,0.986392947582824,0.903232,"H3K9me3-human_GM12878_ENCFF001SUP",113,"13q","1mb",0.389397610602389
"37","chr14",86940409,87940409,0.966523484087288,0.940435,"H3K9me3-human_GM12878_ENCFF001SUP",123,"14q","1mb",0.366158633841366
"38","chr15",79210438,80210438,0.971643381972031,0.96171,"H3K27me3-human_GM12878_ENCFF001SUI",24,"15q","1mb",0.435724564275436
"39","chr15",95927828,96927828,0.994023808180415,0.999655,"H3K9me3-human_GM12878_ENCFF001SUP",111,"15q","1mb",0.392763607236393
"40","chr16",16851410,17851410,0.975117350916383,0.98968,"H3K9me3-human_GM12878_ENCFF001SUP",119,"16p","1mb",0.435773564226436
"41","chr16",18946263,19946263,0.985470076910964,1.198032,"H3K27me3-human_GM12878_ENCFF001SUI",38,"16p","1mb",0.451151548848451
"42","chr16",20395328,21395328,0.90677766458527,1.344602,"H3K27me3-human_GM12878_ENCFF001SUI",39,"16p","1mb",0.427554572445428
"43","chr16",24184236,25184236,0.990034839592822,0.91007,"H3K27me3-human_GM12878_ENCFF001SUI",40,"16p","1mb",0.43998056001944
"44","chr16",51080633,52080633,0.978864718239454,1.064114,"H3K27me3-human_GM12878_ENCFF001SUI",41,"16q","1mb",0.414265585734414
"45","chr16",52098880,53098880,0.984165677520177,1.009093,"H3K27me3-human_GM12878_ENCFF001SUI",42,"16q","1mb",0.398421601578398
"46","chr16",57368364,58368364,0.990633965773822,0.939499,"H4K20me1-human_GM12878_ENCFF001SUQ",141,"16q","1mb",0.48978251021749
"47","chr16",57613241,58613241,0.990388793513942,0.905172,"H3K27me3-human_GM12878_ENCFF001SUI",43,"16q","1mb",0.479344520655479
"48","chr16",59598886,60598886,0.959902078349566,0.931355,"H3K9me3-human_GM12878_ENCFF001SUP",120,"16q","1mb",0.369054630945369
"49","chr16",77142643,78142643,0.988737544258167,0.976528,"H3K27me3-human_GM12878_ENCFF001SUI",44,"16q","1mb",0.420617579382421
"50","chr16",84707463,85707463,0.988402147934221,1.065012,"H3K27me3-human_GM12878_ENCFF001SUI",45,"16q","1mb",0.531865468134532
"51","chr17",5487914,6487914,0.984645228458136,0.906445,"H3K27me3-human_GM12878_ENCFF001SUI",2,"17p","1mb",0.469023530976469
"52","chr17",60677527,61677527,0.986349381553823,0.993374,"H3K27me3-human_GM12878_ENCFF001SUI",3,"17q","1mb",0.43024656975343
"53","chr18",5579856,6579856,0.97778618740413,0.904889,"H4K20me1-human_GM12878_ENCFF001SUQ",149,"18p","1mb",0.4004295995704
"54","chr19",31744470,32744470,0.994941710675597,0.926141,"H3K9me3-human_GM12878_ENCFF001SUP",110,"19q","1mb",0.438352561647438
"55","chr19",35198401,36198401,0.977653804900023,0.946978,"H3K27me3-human_GM12878_ENCFF001SUI",16,"19q","1mb",0.486329513670486
"56","chr2",45543289,46543289,0.990885326096749,0.942942,"H3K36me3-human_GM12878_ENCFF001SUJ",62,"2p","1mb",0.424246575753424
"57","chr2",60902598,61902598,0.984284918784842,0.947964,"H3K36me3-human_GM12878_ENCFF001SUJ",63,"2p","1mb",0.411590588409412
"58","chr2",101189123,102189123,0.981748765603084,0.989327,"H4K20me1-human_GM12878_ENCFF001SUQ",137,"2q","1mb",0.443976556023444
"59","chr2",136447039,137447039,0.983226915283439,0.937349,"H4K20me1-human_GM12878_ENCFF001SUQ",138,"2q","1mb",0.416601583398417
"60","chr2",136703899,137703899,0.982166103866902,0.953963,"H3K27me3-human_GM12878_ENCFF001SUI",32,"2q","1mb",0.408826591173409
"61","chr2",176831096,177831096,0.982177331914842,0.970498,"H3K27me3-human_GM12878_ENCFF001SUI",33,"2q","1mb",0.402396597603402
"62","chr20",4383788,5383788,0.978318269739257,1.126936,"H4K20me1-human_GM12878_ENCFF001SUQ",128,"20p","1mb",0.434892565107435
"63","chr20",19145768,20145768,0.981337386415927,0.953768,"H4K20me1-human_GM12878_ENCFF001SUQ",129,"20p","1mb",0.430600569399431
"64","chr20",22720203,23720203,0.961735747230334,0.94173,"H4K20me1-human_GM12878_ENCFF001SUQ",130,"20p","1mb",0.444377555622444
"65","chr20",32029910,33029910,0.973993848505046,1.028605,"H4K20me1-human_GM12878_ENCFF001SUQ",131,"20q","1mb",0.46022053977946
"66","chr20",34628298,35628298,0.981231328601763,1.097858,"H4K20me1-human_GM12878_ENCFF001SUQ",132,"20q","1mb",0.463436536563463
"67","chr20",39009487,40009487,0.980137963484925,0.931968,"H4K20me1-human_GM12878_ENCFF001SUQ",133,"20q","1mb",0.445144554855445
"68","chr20",48430434,49430434,0.985249718401132,0.914823,"H4K20me1-human_GM12878_ENCFF001SUQ",134,"20q","1mb",0.489412510587489
"69","chr20",59314439,60314439,0.988597170120991,0.900734,"H3K9me3-human_GM12878_ENCFF001SUP",114,"20q","1mb",0.477803522196478
"70","chr21",39567578,40567578,0.990084748485256,0.921319,"H3K27me3-human_GM12878_ENCFF001SUI",17,"21q","1mb",0.433462566537433
"71","chr22",31473487,32473487,0.981444387921521,0.972152,"H3K36me3-human_GM12878_ENCFF001SUJ",60,"22q","1mb",0.468264531735468
"72","chr22",43464532,44464532,0.990039168295407,0.96835,"H3K27me3-human_GM12878_ENCFF001SUI",1,"22q","1mb",0.497110502889497
"73","chr22",47565696,48565696,0.987777245103674,0.94972,"H3K9me3-human_GM12878_ENCFF001SUP",109,"22q","1mb",0.45970554029446
"74","chr3",30879844,31879844,0.994551366809741,0.933687,"H3K9me3-human_GM12878_ENCFF001SUP",115,"3p","1mb",0.397879602120398
"75","chr3",135786609,136786609,0.954220891078597,0.979843,"H3K36me3-human_GM12878_ENCFF001SUJ",64,"3q","1mb",0.406457593542406
"76","chr3",178062338,179062338,0.960264173954528,0.92765,"H3K9me3-human_GM12878_ENCFF001SUP",116,"3q","1mb",0.383593616406384
"77","chr3",181586198,182586198,0.982762770957639,0.908137,"H3K27me3-human_GM12878_ENCFF001SUI",34,"3q","1mb",0.384822615177385
"78","chr3",188830502,189830502,0.985189052290961,0.903309,"H3K9me3-human_GM12878_ENCFF001SUP",117,"3q","1mb",0.378687621312379
"79","chr4",1097191,2097191,0.97785639215268,0.983113,"H3K36me3-human_GM12878_ENCFF001SUJ",81,"4p","1mb",0.511128488871511
"80","chr4",2386692,3386692,0.981179328696505,0.951323,"H3K36me3-human_GM12878_ENCFF001SUJ",82,"4p","1mb",0.486451513548486
"81","chr4",4172738,5172738,0.981401061278327,1.07499,"H3K36me3-human_GM12878_ENCFF001SUJ",83,"4p","1mb",0.451570548429452
"82","chr4",10352973,11352973,0.95744065117884,1.299887,"H3K36me3-human_GM12878_ENCFF001SUJ",84,"4p","1mb",0.403015596984403
"83","chr4",25702421,26702421,0.975272115775721,0.989773,"H3K36me3-human_GM12878_ENCFF001SUJ",85,"4p","1mb",0.420594579405421
"84","chr4",41351947,42351947,0.981131095796347,0.964704,"H4K20me1-human_GM12878_ENCFF001SUQ",143,"4p","1mb",0.407653592346408
"85","chr4",41853292,42853292,0.978915813817153,1.418498,"H3K36me3-human_GM12878_ENCFF001SUJ",86,"4p","1mb",0.397178602821397
"86","chr4",53686337,54686337,0.932246719118632,1.035895,"H3K36me3-human_GM12878_ENCFF001SUJ",87,"4q","1mb",0.402512597487403
"87","chr4",56710671,57710671,0.970662023142069,1.038846,"H3K36me3-human_GM12878_ENCFF001SUJ",88,"4q","1mb",0.408886591113409
"88","chr4",76314998,77314998,0.968884375450958,1.187135,"H3K36me3-human_GM12878_ENCFF001SUJ",89,"4q","1mb",0.401550598449402
"89","chr4",83487345,84487345,0.975190387493819,1.353875,"H3K36me3-human_GM12878_ENCFF001SUJ",90,"4q","1mb",0.414816585183415
"90","chr4",105246454,106246454,0.956417906428643,1.002105,"H3K9me3-human_GM12878_ENCFF001SUP",122,"4q","1mb",0.365216634783365
"91","chr4",105248703,106248703,0.957541120075162,1.119013,"H3K36me3-human_GM12878_ENCFF001SUJ",91,"4q","1mb",0.365035634964365
"92","chr4",108477806,109477806,0.976886104209473,0.953368,"H3K36me3-human_GM12878_ENCFF001SUJ",92,"4q","1mb",0.397014602985397
"93","chr4",108851123,109851123,0.976529929582525,0.945212,"H4K20me1-human_GM12878_ENCFF001SUQ",144,"4q","1mb",0.3995556004444
"94","chr4",128626981,129626981,0.964852326360962,1.107119,"H3K36me3-human_GM12878_ENCFF001SUJ",93,"4q","1mb",0.397043602956397
"95","chr4",148470627,149470627,0.977513099939354,0.917481,"H4K20me1-human_GM12878_ENCFF001SUQ",145,"4q","1mb",0.397428602571397
"96","chr4",153144411,154144411,0.984806402316956,1.180784,"H3K36me3-human_GM12878_ENCFF001SUJ",94,"4q","1mb",0.405717594282406
"97","chr4",159583307,160583307,0.971631722368398,0.901912,"H3K36me3-human_GM12878_ENCFF001SUJ",95,"4q","1mb",0.394269605730394
"98","chr4",165872625,166872625,0.960898313692942,0.922894,"H3K36me3-human_GM12878_ENCFF001SUJ",96,"4q","1mb",0.39006460993539
"99","chr4",184563164,185563164,0.977174666217642,0.914311,"H3K36me3-human_GM12878_ENCFF001SUJ",97,"4q","1mb",0.431768568231432
"100","chr4",186322267,187322267,0.972961447439709,0.927706,"H3K27me3-human_GM12878_ENCFF001SUI",57,"4q","1mb",0.41034258965741
"101","chr5",60579153,61579153,0.973366000954012,0.904567,"H3K27me3-human_GM12878_ENCFF001SUI",36,"5q","1mb",0.407279592720407
"102","chr5",106248387,107248387,0.99166060176588,0.96734,"H3K27me3-human_GM12878_ENCFF001SUI",37,"5q","1mb",0.376160623839376
"103","chr6",12371325,13371325,0.982855168182983,0.920913,"H3K27me3-human_GM12878_ENCFF001SUI",58,"6p","1mb",0.406766593233407
"104","chr6",52821684,53821684,0.978204455175589,0.954926,"H4K20me1-human_GM12878_ENCFF001SUQ",146,"6p","1mb",0.408288591711408
"105","chr6",106162962,107162962,0.978032225781496,0.934995,"H4K20me1-human_GM12878_ENCFF001SUQ",147,"6q","1mb",0.402545597454403
"106","chr6",148429507,149429507,0.977517393724649,0.93824,"H4K20me1-human_GM12878_ENCFF001SUQ",148,"6q","1mb",0.417299582700417
"107","chr6",157540183,158540183,0.986058011790122,1.020131,"H3K27me3-human_GM12878_ENCFF001SUI",59,"6q","1mb",0.408292591707408
"108","chr7",3683732,4683732,0.961894307923867,0.968529,"H3K9me3-human_GM12878_ENCFF001SUP",112,"7p","1mb",0.452810547189453
"109","chr7",35954493,36954493,0.961395546794114,0.985279,"H3K27me3-human_GM12878_ENCFF001SUI",25,"7p","1mb",0.425520574479426
"110","chr7",133732395,134732395,0.985026515363489,0.940535,"H3K27me3-human_GM12878_ENCFF001SUI",26,"7q","1mb",0.408412591587408
"111","chr7",155505137,156505137,0.988792295320264,0.960811,"H3K27me3-human_GM12878_ENCFF001SUI",27,"7q","1mb",0.457860542139458
"112","chr8",6156899,7156899,0.820576148108375,0.972765,"H3K36me3-human_GM12878_ENCFF001SUJ",65,"8p","1mb",0.445125554874445
"113","chr8",10611543,11611543,0.982508913495749,0.919434,"H3K36me3-human_GM12878_ENCFF001SUJ",66,"8p","1mb",0.457426542573457
"114","chr8",30214598,31214598,0.982266656184656,1.046337,"H3K36me3-human_GM12878_ENCFF001SUJ",67,"8p","1mb",0.403395596604403
"115","chr8",37511036,38511036,0.985876216042813,0.965813,"H3K36me3-human_GM12878_ENCFF001SUJ",68,"8p","1mb",0.458708541291459
"116","chr8",41427797,42427797,0.986115066775036,1.473354,"H3K36me3-human_GM12878_ENCFF001SUJ",69,"8p","1mb",0.454715545284455
"117","chr8",42610804,43610804,0.936403948193715,0.919648,"H3K36me3-human_GM12878_ENCFF001SUJ",70,"8p","1mb",0.410666589333411
"118","chr8",48101580,49101580,0.956032408517623,0.960505,"H3K36me3-human_GM12878_ENCFF001SUJ",71,"8q","1mb",0.417446582553417
"119","chr8",58732375,59732375,0.974884663528474,1.041427,"H3K36me3-human_GM12878_ENCFF001SUJ",72,"8q","1mb",0.389419610580389
"120","chr8",86841103,87841103,0.977380772307872,0.990329,"H3K36me3-human_GM12878_ENCFF001SUJ",73,"8q","1mb",0.37962562037438
"121","chr8",97652519,98652519,0.954571476563797,0.901445,"H3K27me3-human_GM12878_ENCFF001SUI",56,"8q","1mb",0.400732599267401
"122","chr8",99032147,100032147,0.9521481876611,0.946783,"H3K36me3-human_GM12878_ENCFF001SUJ",74,"8q","1mb",0.403538596461404
"123","chr8",101129699,102129699,0.977597941051703,1.163148,"H3K36me3-human_GM12878_ENCFF001SUJ",75,"8q","1mb",0.426623573376427
"124","chr8",102618510,103618510,0.962433913162909,1.13167,"H3K36me3-human_GM12878_ENCFF001SUJ",76,"8q","1mb",0.41000158999841
"125","chr8",109948092,110948092,0.970958784016688,0.993815,"H3K36me3-human_GM12878_ENCFF001SUJ",77,"8q","1mb",0.36976763023237
"126","chr8",118778129,119778129,0.977794156007018,0.930799,"H4K20me1-human_GM12878_ENCFF001SUQ",142,"8q","1mb",0.400675599324401
"127","chr8",123606331,124606331,0.990223548120224,1.649978,"H3K36me3-human_GM12878_ENCFF001SUJ",78,"8q","1mb",0.435511564488436
"128","chr8",140673151,141673151,0.980461564913215,1.208264,"H3K36me3-human_GM12878_ENCFF001SUJ",79,"8q","1mb",0.480898519101481
"129","chr8",145180668,146180668,0.897356453776832,1.005098,"H3K36me3-human_GM12878_ENCFF001SUJ",80,"8q","1mb",0.491362508637491
"130","chr9",182274,1182274,0.966116138862368,0.950941,"H4K20me1-human_GM12878_ENCFF001SUQ",135,"9p","1mb",0.421089578910421
"131","chr9",6328576,7328576,0.970735308263213,0.947648,"H3K36me3-human_GM12878_ENCFF001SUJ",61,"9p","1mb",0.413692586307414
"132","chr9",37887027,38887027,0.881495538094,0.922652,"H3K27me3-human_GM12878_ENCFF001SUI",28,"9p","1mb",0.448807551192449
"133","chr9",79984622,80984622,0.960529762161787,0.913665,"H3K27me3-human_GM12878_ENCFF001SUI",29,"9q","1mb",0.404817595182405
"134","chr9",111820680,112820680,0.982624142696493,0.946583,"H3K27me3-human_GM12878_ENCFF001SUI",30,"9q","1mb",0.428458571541428
"135","chr1",5921301,6921301,0.982471537359194,0.376266,"states_7_9",1189,"1p","1mb",0.521601478398522
"136","chr1",9578301,10578301,0.978842461716937,0.372073,"states_7_9",1190,"1p","1mb",0.469425530574469
"137","chr1",11716901,12716901,0.986716662904965,0.373978,"states_7_9",1191,"1p","1mb",0.49010850989149
"138","chr1",19197901,20197901,0.989834571064324,0.350829,"states_7_9",1192,"1p","1mb",0.480544519455481
"139","chr1",20823101,21823101,0.962794262986266,0.371462,"states_7_9",1193,"1p","1mb",0.450624549375451
"140","chr1",34347901,35347901,0.973038463792911,0.390561,"states_10_13",227,"1p","1mb",0.45004554995445
"141","chr1",43820101,44820101,0.990138382337406,0.383615,"states_7_9",1197,"1p","1mb",0.475512524487475
"142","chr1",45764501,46764501,0.970712979446279,0.357127,"states_7_9",1198,"1p","1mb",0.436732563267437
"143","chr1",56500101,57500101,0.98053296588408,0.402419,"states_10_13",230,"1p","1mb",0.405498594501406
"144","chr1",88083301,89083301,0.986718055872677,0.374045,"states_10_13",239,"1p","1mb",0.376579623420377
"145","chr1",100143501,101143501,0.9721205180259,0.355515,"states_7_9",1203,"1p","1mb",0.386657613342387
"146","chr1",117384951,118384951,0.966052749802687,0.356632,"states_10_13",248,"1p","1mb",0.415966584033416
"147","chr1",149849101,150849101,0.972985880496629,0.350911,"states_7_9",1204,"1q","1mb",0.435615564384436
"148","chr1",152357301,153357301,0.948068941442722,0.425392,"states_10_13",252,"1q","1mb",0.415398584601415
"149","chr1",157546501,158546501,0.955966887120011,0.472333,"states_10_13",254,"1q","1mb",0.404969595030405
"150","chr1",158553501,159553501,0.946064468740787,0.351177,"states_10_13",255,"1q","1mb",0.382490617509383
"151","chr1",161944301,162944301,0.964540124779873,0.366834,"states_10_13",256,"1q","1mb",0.415771584228416
"152","chr1",166807101,167807101,0.992705112447056,0.359979,"states_1_5",18,"1q","1mb",0.423917576082424
"153","chr1",167770901,168770901,0.970184526576687,0.350352,"states_10_13",257,"1q","1mb",0.405507594492406
"154","chr1",172331901,173331901,0.962372788540633,0.532034,"states_10_13",261,"1q","1mb",0.386258613741386
"155","chr1",174361051,175361051,0.950704314735251,0.394629,"states_7_9",1210,"1q","1mb",0.399462600537399
"156","chr1",181345151,182345151,0.987090956936389,0.378473,"states_10_13",264,"1q","1mb",0.425217574782425
"157","chr1",183372351,184372351,0.971251026678537,0.373167,"states_10_13",266,"1q","1mb",0.402200597799402
"158","chr1",198998501,199998501,0.976957479028443,0.4329,"states_10_13",270,"1q","1mb",0.372344627655372
"159","chr1",207937501,208937501,0.988046898504885,0.511475,"states_10_13",273,"1q","1mb",0.433424566575433
"160","chr1",208936651,209936651,0.984190936526937,0.53296,"states_10_13",274,"1q","1mb",0.417823582176418
"161","chr1",220416751,221416751,0.982563613735699,0.456997,"states_10_13",277,"1q","1mb",0.402070597929402
"162","chr1",221419301,222419301,0.979552443760168,0.36241,"states_10_13",278,"1q","1mb",0.394349605650394
"163","chr1",227507301,228507301,0.963290849549329,0.350238,"states_10_13",282,"1q","1mb",0.477466522533477
"164","chr1",228505701,229505701,0.940116931893807,0.370901,"states_10_13",283,"1q","1mb",0.467090532909467
"165","chr1",229820901,230820901,0.983672918424566,0.39365,"states_10_13",284,"1q","1mb",0.439382560617439
"166","chr1",233562551,234562551,0.979297550165116,0.440406,"states_10_13",287,"1q","1mb",0.411524588475412
"167","chr1",234348701,235348701,0.972718168285806,0.374885,"states_1_5",23,"1q","1mb",0.422273577726422
"168","chr1",238378301,239378301,0.987129160883612,0.435326,"states_10_13",289,"1q","1mb",0.364854635145365
"169","chr10",3403901,4403901,0.993218494991287,0.455112,"states_10_13",293,"10p","1mb",0.418765581234419
"170","chr10",6686701,7686701,0.964398074323451,0.367465,"states_10_13",295,"10p","1mb",0.424995575004425
"171","chr10",14291351,15291351,0.975569528648367,0.366201,"states_10_13",299,"10p","1mb",0.43010156989843
"172","chr10",19471501,20471501,0.975227091242276,0.556671,"states_10_13",301,"10p","1mb",0.366208633791366
"173","chr10",20488501,21488501,0.953996631327777,0.465123,"states_10_13",302,"10p","1mb",0.387689612310388
"174","chr10",33879551,34879551,0.987703391740495,0.435146,"states_10_13",306,"10p","1mb",0.404787595212405
"175","chr10",37768301,38768301,0.847631513697612,0.423166,"states_10_13",308,"10p","1mb",0.406959593040407
"176","chr10",42354851,43354851,0.821180782520322,0.373188,"states_10_13",309,"10q","1mb",0.379407620592379
"177","chr10",64558701,65558701,0.983531283373018,0.398214,"states_1_5",29,"10q","1mb",0.398948601051399
"178","chr10",69611101,70611101,0.984351900376427,0.371102,"states_7_9",1220,"10q","1mb",0.417995582004418
"179","chr10",74858301,75858301,0.942872830188666,0.350811,"states_7_9",1222,"10q","1mb",0.433213566786433
"180","chr10",75857701,76857701,0.981138746948118,0.354943,"states_7_9",1223,"10q","1mb",0.398273601726398
"181","chr10",91829101,92829101,0.959266892380195,0.450206,"states_10_13",319,"10q","1mb",0.384905615094385
"182","chr10",95122251,96122251,0.978984626638517,0.366099,"states_10_13",321,"10q","1mb",0.415345584654415
"183","chr10",103675801,104675801,0.980306497015261,0.350885,"states_7_9",1227,"10q","1mb",0.47016452983547
"184","chr10",111617501,112617501,0.987998658049815,0.421029,"states_1_5",36,"10q","1mb",0.43050456949543
"185","chr10",113905501,114905501,0.983859062889047,0.365159,"states_7_9",1229,"10q","1mb",0.420901579098421
"186","chr10",119418101,120418101,0.985249682806169,0.452156,"states_10_13",330,"10q","1mb",0.410870589129411
"187","chr10",124868501,125868501,0.993766641461906,0.430489,"states_10_13",334,"10q","1mb",0.460976539023461
"188","chr10",131585351,132585351,0.980534015609936,0.411098,"states_10_13",339,"10q","1mb",0.467713532286468
"189","chr10",132584151,133584151,0.982947461178523,0.463748,"states_10_13",340,"10q","1mb",0.455856544143456
"190","chr11",12644101,13644101,0.975540028823711,0.370489,"states_10_13",345,"11p","1mb",0.415033584966415
"191","chr11",35799701,36799701,0.972851321009133,0.40896,"states_10_13",351,"11p","1mb",0.422462577537422
"192","chr11",43341301,44341301,0.977705625469574,0.402213,"states_7_9",1233,"11p","1mb",0.419105580894419
"193","chr11",45832101,46832101,0.984275198518872,0.424811,"states_7_9",1234,"11p","1mb",0.455973544026456
"194","chr11",49638101,50638101,0.862141254369789,0.460949,"states_10_13",354,"11p","1mb",0.381221618778381
"195","chr11",54794301,55794301,0.907248432356987,0.401584,"states_10_13",355,"11q","1mb",0.366019633980366
"196","chr11",64392101,65392101,0.983878456711806,0.372485,"states_1_5",41,"11q","1mb",0.526644473355527
"197","chr11",94624851,95624851,0.96521269838239,0.423167,"states_10_13",365,"11q","1mb",0.392999607000393
"198","chr11",109763951,110763951,0.970801581952178,0.383638,"states_10_13",369,"11q","1mb",0.393982606017394
"199","chr11",110763501,111763501,0.9911046167184,0.401944,"states_10_13",370,"11q","1mb",0.410686589313411
"200","chr11",112768501,113768501,0.980794485148354,0.375065,"states_10_13",372,"11q","1mb",0.431183568816431
"201","chr11",113767501,114767501,0.967228558069952,0.439093,"states_10_13",373,"11q","1mb",0.424101575898424
"202","chr11",114766401,115766401,0.991380476222025,0.649471,"states_10_13",374,"11q","1mb",0.419073580926419
"203","chr11",115769501,116769501,0.978413181018936,0.369889,"states_10_13",375,"11q","1mb",0.456595543404457
"204","chr11",121724901,122724901,0.972771291430865,0.361754,"states_10_13",379,"11q","1mb",0.408602591397409
"205","chr11",123977751,124977751,0.969904720530121,0.368522,"states_10_13",381,"11q","1mb",0.406452593547406
"206","chr11",124982701,125982701,0.972560647931363,0.362762,"states_10_13",382,"11q","1mb",0.439346560653439
"207","chr11",125984301,126984301,0.990528596850775,0.41538,"states_10_13",383,"11q","1mb",0.468296531703468
"208","chr11",130659301,131659301,0.973933718583759,0.400356,"states_10_13",385,"11q","1mb",0.429362570637429
"209","chr11",131660301,132660301,0.980291815548672,0.47582,"states_10_13",386,"11q","1mb",0.418599581400419
"210","chr11",132671701,133671701,0.980888281373226,0.556093,"states_10_13",387,"11q","1mb",0.425226574773425
"211","chr12",4523901,5523901,0.973027709063495,0.363674,"states_10_13",391,"12p","1mb",0.425408574591425
"212","chr12",8481701,9481701,0.905007991488117,0.373663,"states_10_13",393,"12p","1mb",0.417009582990417
"213","chr12",9488301,10488301,0.901637067819297,0.351023,"states_10_13",394,"12p","1mb",0.394666605333395
"214","chr12",13432151,14432151,0.977550151860019,0.515413,"states_10_13",397,"12p","1mb",0.408234591765408
"215","chr12",26488701,27488701,0.967416607547309,0.458341,"states_7_9",1244,"12p","1mb",0.387624612375388
"216","chr12",37857101,38857101,0.917817579147899,0.524606,"states_10_13",403,"12q","1mb",0.382391617608382
"217","chr12",46773701,47773701,0.958250607523427,0.372703,"states_10_13",407,"12q","1mb",0.390834609165391
"218","chr12",51937101,52937101,0.966605279420015,0.371704,"states_10_13",409,"12q","1mb",0.477008522991477
"219","chr12",65932301,66932301,0.969003466994941,0.394772,"states_10_13",413,"12q","1mb",0.397586602413398
"220","chr12",67936901,68936901,0.971851817080508,0.428768,"states_10_13",415,"12q","1mb",0.397756602243398
"221","chr12",95714501,96714501,0.962854747319116,0.35242,"states_10_13",419,"12q","1mb",0.41952458047542
"222","chr12",96832301,97832301,0.97274543873531,0.368978,"states_10_13",420,"12q","1mb",0.386635613364387
"223","chr12",101677701,102677701,0.975210475710861,0.356416,"states_7_9",1249,"12q","1mb",0.393728606271394
"224","chr12",103256501,104256501,0.971976871869153,0.532446,"states_10_13",425,"12q","1mb",0.401042598957401
"225","chr12",106216901,107216901,0.973956471976868,0.364161,"states_10_13",427,"12q","1mb",0.421550578449422
"226","chr12",107288701,108288701,0.979472790680461,0.435564,"states_10_13",428,"12q","1mb",0.429231570768429
"227","chr12",111800301,112800301,0.975614129731324,0.462868,"states_7_9",1252,"12q","1mb",0.445184554815445
"228","chr12",114861701,115861701,0.98548695045033,0.421633,"states_10_13",431,"12q","1mb",0.432896567103433
"229","chr12",115860101,116860101,0.995142408420121,0.365145,"states_10_13",432,"12q","1mb",0.417726582273418
"230","chr12",126527701,127527701,0.981124517544034,0.668535,"states_10_13",435,"12q","1mb",0.404497595502404
"231","chr12",127528301,128528301,0.980449993228482,0.592071,"states_10_13",436,"12q","1mb",0.414914585085415
"232","chr12",130105701,131105701,0.980120456468544,0.541753,"states_10_13",438,"12q","1mb",0.456099543900456
"233","chr13",22691101,23691101,0.960768955205224,0.46835,"states_10_13",441,"13q","1mb",0.393438606561393
"234","chr13",40174101,41174101,0.978247014433661,0.53166,"states_10_13",449,"13q","1mb",0.406710593289407
"235","chr13",43844301,44844301,0.975547592039,0.581944,"states_10_13",451,"13q","1mb",0.395056604943395
"236","chr13",48380701,49380701,0.969089677854378,0.358588,"states_10_13",453,"13q","1mb",0.397843602156398
"237","chr13",51034251,52034251,0.969534081355212,0.401822,"states_10_13",455,"13q","1mb",0.404286595713404
"238","chr13",56597451,57597451,0.975605847039415,0.429055,"states_10_13",458,"13q","1mb",0.33998166001834
"239","chr13",95669301,96669301,0.973486882115172,0.359815,"states_7_9",1262,"13q","1mb",0.408735591264409
"240","chr14",26003451,27003451,0.962046092557487,0.697609,"states_10_13",470,"14q","1mb",0.366172633827366
"241","chr14",27000751,28000751,0.963466919496734,0.628968,"states_10_13",471,"14q","1mb",0.348749651250349
"242","chr14",27999051,28999051,0.936237676744055,0.584232,"states_10_13",472,"14q","1mb",0.348937651062349
"243","chr14",31050501,32050501,0.974674145037712,0.412971,"states_7_9",1263,"14q","1mb",0.394283605716394
"244","chr14",34797501,35797501,0.962275989644406,0.384453,"states_7_9",1264,"14q","1mb",0.42018357981642
"245","chr14",50033701,51033701,0.980069807079696,0.353716,"states_7_9",1265,"14q","1mb",0.414040585959414
"246","chr14",51848501,52848501,0.963527839765597,0.415276,"states_10_13",480,"14q","1mb",0.405248594751405
"247","chr14",53258901,54258901,0.973937746880026,0.355967,"states_10_13",481,"14q","1mb",0.393631606368394
"248","chr14",72067101,73067101,0.967218059180667,0.42942,"states_10_13",489,"14q","1mb",0.417113582886417
"249","chr14",83472101,84472101,0.985725475036358,0.367413,"states_10_13",492,"14q","1mb",0.352115647884352
"250","chr14",84470951,85470951,0.989639478004069,0.606071,"states_10_13",493,"14q","1mb",0.359081640918359
"251","chr14",85470451,86470451,0.97619976221702,0.666518,"states_10_13",494,"14q","1mb",0.373585626414374
"252","chr14",86469401,87469401,0.954189441845079,0.441792,"states_10_13",495,"14q","1mb",0.35989864010136
"253","chr14",94618601,95618601,0.988969552895343,0.412117,"states_10_13",499,"14q","1mb",0.445957554042446
"254","chr14",97892701,98892701,0.992609271814529,0.659671,"states_10_13",502,"14q","1mb",0.416205583794416
"255","chr14",98890951,99890951,0.988396433525097,0.681821,"states_10_13",503,"14q","1mb",0.447522552477448
"256","chr15",23629301,24629301,0.90599451844314,0.51341,"states_10_13",505,"15q","1mb",0.400608599391401
"257","chr15",24629251,25629251,0.936700790547584,0.603284,"states_10_13",506,"15q","1mb",0.41009358990641
"258","chr15",25628701,26628701,0.99021975424648,0.671887,"states_10_13",507,"15q","1mb",0.425142574857425
"259","chr15",26627601,27627601,0.984222698223677,0.831395,"states_10_13",508,"15q","1mb",0.40962659037341
"260","chr15",27626251,28626251,0.905124923168303,0.607162,"states_10_13",509,"15q","1mb",0.429444570555429
"261","chr15",33513601,34513601,0.980403798081757,0.352264,"states_10_13",511,"15q","1mb",0.411441588558411
"262","chr15",41265301,42265301,0.982512799369453,0.377873,"states_7_9",1276,"15q","1mb",0.46048053951946
"263","chr15",42449901,43449901,0.97617408364385,0.595802,"states_7_9",1277,"15q","1mb",0.416218583781416
"264","chr15",46375301,47375301,0.959339510545377,0.67749,"states_10_13",517,"15q","1mb",0.366090633909366
"265","chr15",47377301,48377301,0.980175917382814,0.440408,"states_10_13",518,"15q","1mb",0.390942609057391
"266","chr15",51739301,52739301,0.977193033335513,0.377944,"states_7_9",1280,"15q","1mb",0.412496587503413
"267","chr15",54643101,55643101,0.954117599130361,0.45964,"states_10_13",521,"15q","1mb",0.38027361972638
"268","chr15",58560301,59560301,0.990846772150019,0.360789,"states_7_9",1281,"15q","1mb",0.412014587985412
"269","chr15",59719901,60719901,0.979333717082903,0.375484,"states_10_13",524,"15q","1mb",0.412079587920412
"270","chr15",60885501,61885501,0.986600908507227,0.424925,"states_10_13",525,"15q","1mb",0.412059587940412
"271","chr15",63307701,64307701,0.983479953396307,0.370295,"states_1_5",82,"15q","1mb",0.429422570577429
"272","chr15",64308501,65308501,0.976891139689217,0.42495,"states_1_5",83,"15q","1mb",0.446767553232447
"273","chr15",69342301,70342301,0.988274177117776,0.472714,"states_10_13",528,"15q","1mb",0.451813548186452
"274","chr15",72117501,73117501,0.951768413872203,0.361875,"states_7_9",1285,"15q","1mb",0.419202580797419
"275","chr15",79961501,80961501,0.980126980851775,0.362443,"states_10_13",532,"15q","1mb",0.43019456980543
"276","chr15",95696651,96696651,0.994489723301171,0.667882,"states_10_13",539,"15q","1mb",0.382894617105383
"277","chr15",96696701,97696701,0.983751446215344,0.549742,"states_10_13",540,"15q","1mb",0.398782601217399
"278","chr15",97694251,98694251,0.959133039669731,0.450558,"states_10_13",541,"15q","1mb",0.387045612954387
"279","chr16",1365901,2365901,0.961077964416021,0.38418,"states_7_9",1288,"16p","1mb",0.569297430702569
"280","chr16",5841201,6841201,0.992035819978257,0.770835,"states_10_13",544,"16p","1mb",0.418030581969418
"281","chr16",6841151,7841151,0.994490763447851,0.805441,"states_10_13",545,"16p","1mb",0.416141583858416
"282","chr16",7841101,8841101,0.984194759875087,0.453958,"states_10_13",546,"16p","1mb",0.402220597779402
"283","chr16",11265101,12265101,0.962907603669796,0.398484,"states_1_5",90,"16p","1mb",0.481714518285482
"284","chr16",13385901,14385901,0.986403846804993,0.368706,"states_10_13",550,"16p","1mb",0.413051586948413
"285","chr16",27219301,28219301,0.992461215573172,0.375845,"states_7_9",1293,"16p","1mb",0.477179522820477
"286","chr16",34534651,35534651,0.943981530489794,0.579004,"states_10_13",554,"16p","1mb",0.2997617002383
"287","chr16",46608301,47608301,0.96048230073259,0.405685,"states_7_9",1294,"16q","1mb",0.414652585347415
"288","chr16",53116151,54116151,0.97290725047812,0.415209,"states_7_9",1295,"16q","1mb",0.397238602761397
"289","chr16",60089901,61089901,0.961800637849628,0.453048,"states_10_13",556,"16q","1mb",0.366638633361367
"290","chr16",69080001,70080001,0.932725300393558,0.43678,"states_7_9",1298,"16q","1mb",0.443408556591443
"291","chr16",70630501,71630501,0.959053507349486,0.355842,"states_10_13",559,"16q","1mb",0.445366554633445
"292","chr16",79438401,80438401,0.982999151793341,0.453557,"states_10_13",563,"16q","1mb",0.416867583132417
"293","chr16",81753701,82753701,0.980717977208669,0.351789,"states_10_13",564,"16q","1mb",0.433023566976433
"294","chr16",88495901,89495901,0.976900531037375,0.371563,"states_1_5",96,"16q","1mb",0.574972425027575
"295","chr17",1246901,2246901,0.9761318397342,0.374597,"states_7_9",1303,"17p","1mb",0.499486500513499
"296","chr17",11078601,12078601,0.978282820451253,0.631373,"states_10_13",568,"17p","1mb",0.421443578556421
"297","chr17",12090501,13090501,0.980729828278414,0.369029,"states_10_13",569,"17p","1mb",0.413891586108414
"298","chr17",13091301,14091301,0.977094025469134,0.498616,"states_10_13",570,"17p","1mb",0.397054602945397
"299","chr17",14161301,15161301,0.986505370792172,0.486264,"states_10_13",571,"17p","1mb",0.408655591344409
"300","chr17",31993501,32993501,0.970105200708305,0.438494,"states_10_13",574,"17q","1mb",0.447240552759447
"301","chr17",34846701,35846701,0.990571912887938,0.441126,"states_7_9",1311,"17q","1mb",0.450879549120451
"302","chr17",45368301,46368301,0.939809861476758,0.36457,"states_7_9",1314,"17q","1mb",0.451279548720451
"303","chr17",50931501,51931501,0.978129544184605,0.59124,"states_10_13",577,"17q","1mb",0.357318642681357
"304","chr17",51931701,52931701,0.974503059930492,0.54084,"states_10_13",578,"17q","1mb",0.36996263003737
"305","chr17",61655501,62655501,0.978662631645408,0.395496,"states_7_9",1317,"17q","1mb",0.431911568088432
"306","chr17",63077701,64077701,0.989904710468082,0.393302,"states_10_13",581,"17q","1mb",0.424132575867424
"307","chr17",65035501,66035501,0.981188438185286,0.377461,"states_7_9",1318,"17q","1mb",0.432964567035433
"308","chr17",68996901,69996901,0.987233036664071,0.441895,"states_10_13",584,"17q","1mb",0.381000618999381
"309","chr17",79161501,80161501,0.984246770621428,0.350697,"states_7_9",1322,"17q","1mb",0.545238454761545
"310","chr18",4198301,5198301,0.969299266413007,0.558202,"states_10_13",588,"18p","1mb",0.378308621691378
"311","chr18",36213151,37213151,0.984028782329231,0.48152,"states_10_13",598,"18q","1mb",0.367553632446368
"312","chr18",45061101,46061101,0.979281143339932,0.460455,"states_10_13",601,"18q","1mb",0.443711556288444
"313","chr18",47671951,48671951,0.974396146063442,0.389403,"states_10_13",603,"18q","1mb",0.428467571532428
"314","chr18",48725301,49725301,0.975296941594586,0.403176,"states_10_13",604,"18q","1mb",0.396180603819396
"315","chr18",56953201,57953201,0.97293263925648,0.423609,"states_10_13",608,"18q","1mb",0.407630592369408
"316","chr18",61036301,62036301,0.971488432998423,0.355277,"states_10_13",610,"18q","1mb",0.388605611394389
"317","chr18",69418351,70418351,0.985269280149402,0.370222,"states_10_13",612,"18q","1mb",0.36021263978736
"318","chr18",75993501,76993501,0.96805197882472,0.62266,"states_10_13",615,"18q","1mb",0.455551544448456
"319","chr19",9133701,10133701,0.974198487880024,0.473902,"states_10_13",617,"19p","1mb",0.455299544700455
"320","chr19",20297051,21297051,0.931647030575267,0.430989,"states_10_13",621,"19p","1mb",0.382198617801382
"321","chr19",21297301,22297301,0.954886888546766,0.618067,"states_10_13",622,"19p","1mb",0.410726589273411
"322","chr19",22296901,23296901,0.936079470326843,0.66415,"states_10_13",623,"19p","1mb",0.414332585667414
"323","chr19",23295551,24295551,0.952199304762865,0.683458,"states_10_13",624,"19p","1mb",0.414182585817414
"324","chr19",27744101,28744101,0.949260369615009,0.721869,"states_10_13",625,"19q","1mb",0.400719599280401
"325","chr19",28739051,29739051,0.968108958882831,0.781566,"states_10_13",626,"19q","1mb",0.437235562764437
"326","chr19",31394951,32394951,0.995466228304452,0.817442,"states_10_13",628,"19q","1mb",0.432841567158433
"327","chr19",32843701,33843701,0.969470916726982,0.367469,"states_7_9",1326,"19q","1mb",0.466938533061467
"328","chr19",37161951,38161951,0.929147487202405,0.758079,"states_10_13",632,"19q","1mb",0.422307577692422
"329","chr19",52037501,53037501,0.977471793754413,0.68412,"states_10_13",636,"19q","1mb",0.436961563038437
"330","chr19",53041301,54041301,0.939096610661785,0.63144,"states_10_13",637,"19q","1mb",0.447054552945447
"331","chr19",54062501,55062501,0.956056054053672,0.447338,"states_10_13",638,"19q","1mb",0.498806501193499
"332","chr19",56943901,57943901,0.979804792045557,0.702375,"states_10_13",640,"19q","1mb",0.44031755968244
"333","chr19",57944101,58944101,0.964399924507675,0.602687,"states_10_13",641,"19q","1mb",0.46968153031847
"334","chr2",6533701,7533701,0.990964552331186,0.461748,"states_10_13",644,"2p","1mb",0.413300586699413
"335","chr2",7531501,8531501,0.983353725183913,0.679592,"states_10_13",645,"2p","1mb",0.412275587724412
"336","chr2",12979701,13979701,0.964681591205817,0.468043,"states_10_13",649,"2p","1mb",0.360641639358361
"337","chr2",15304501,16304501,0.979599222718461,0.366369,"states_7_9",1327,"2p","1mb",0.416449583550416
"338","chr2",23628901,24628901,0.972799642834124,0.545186,"states_7_9",1328,"2p","1mb",0.442459557540442
"339","chr2",29878701,30878701,0.983745033478068,0.377816,"states_10_13",652,"2p","1mb",0.423378576621423
"340","chr2",30877501,31877501,0.96799743909235,0.374751,"states_10_13",653,"2p","1mb",0.435793564206436
"341","chr2",31817501,32817501,0.967209599683229,0.42978,"states_7_9",1331,"2p","1mb",0.394428605571394
"342","chr2",37388901,38388901,0.965998718762396,0.353576,"states_10_13",655,"2p","1mb",0.404314595685404
"343","chr2",45613901,46613901,0.990857262660854,0.399936,"states_7_9",1334,"2p","1mb",0.426896573103427
"344","chr2",60678701,61678701,0.987501259467646,0.397798,"states_7_9",1335,"2p","1mb",0.412831587168413
"345","chr2",64808301,65808301,0.986409708072821,0.467324,"states_1_5",130,"2p","1mb",0.437682562317438
"346","chr2",68920301,69920301,0.989552245199793,0.416756,"states_10_13",664,"2p","1mb",0.415674584325416
"347","chr2",69537301,70537301,0.983259959841362,0.405279,"states_7_9",1336,"2p","1mb",0.428430571569428
"348","chr2",100108101,101108101,0.970217455344246,0.404991,"states_10_13",669,"2q","1mb",0.423090576909423
"349","chr2",101109701,102109701,0.981884988077957,0.377587,"states_10_13",670,"2q","1mb",0.445247554752445
"350","chr2",102109901,103109901,0.986482686874118,0.478284,"states_10_13",671,"2q","1mb",0.417544582455418
"351","chr2",125321301,126321301,0.975432160506615,0.388371,"states_10_13",678,"2q","1mb",0.373166626833373
"352","chr2",135631301,136631301,0.963065164652127,0.380075,"states_7_9",1339,"2q","1mb",0.393985606014394
"353","chr2",143604901,144604901,0.978221582026703,0.575122,"states_7_9",1340,"2q","1mb",0.36950863049137
"354","chr2",148104101,149104101,0.960413124026371,0.440671,"states_10_13",685,"2q","1mb",0.374334625665374
"355","chr2",158127601,159127601,0.961723990400266,0.371989,"states_10_13",688,"2q","1mb",0.388397611602388
"356","chr2",173640101,174640101,0.976109142446667,0.473138,"states_10_13",693,"2q","1mb",0.405568594431406
"357","chr2",176527301,177527301,0.967371605495685,0.431988,"states_10_13",695,"2q","1mb",0.403193596806403
"358","chr2",179290901,180290901,0.953872424398391,0.350162,"states_7_9",1345,"2q","1mb",0.37972462027538
"359","chr2",196978301,197978301,0.969869743766597,0.367322,"states_7_9",1347,"2q","1mb",0.386628613371387
"360","chr2",203065901,204065901,0.973356207440528,0.457936,"states_7_9",1349,"2q","1mb",0.403343596656403
"361","chr2",216296501,217296501,0.981263401592781,0.372508,"states_10_13",709,"2q","1mb",0.411036588963411
"362","chr2",217409101,218409101,0.991791858689506,0.705609,"states_10_13",710,"2q","1mb",0.431352568647431
"363","chr2",234220301,235220301,0.970691564914694,0.365783,"states_10_13",714,"2q","1mb",0.432357567642432
"364","chr2",237650901,238650901,0.986548169206699,0.439768,"states_10_13",716,"2q","1mb",0.456042543957456
"365","chr20",1526501,2526501,0.97875436959199,0.353806,"states_10_13",719,"20p","1mb",0.45002154997845
"366","chr20",10205701,11205701,0.990378731948149,0.358472,"states_10_13",722,"20p","1mb",0.3996916003084
"367","chr20",11218501,12218501,0.982086128895865,0.386294,"states_10_13",723,"20p","1mb",0.386492613507387
"368","chr20",12218151,13218151,0.953453996572448,0.35412,"states_10_13",724,"20p","1mb",0.38970961029039
"369","chr20",14878301,15878301,0.984682528288311,0.470854,"states_10_13",726,"20p","1mb",0.386143613856386
"370","chr20",18759501,19759501,0.970950223329399,0.386319,"states_10_13",728,"20p","1mb",0.43028956971043
"371","chr20",20756301,21756301,0.982708866338876,0.362126,"states_10_13",730,"20p","1mb",0.421713578286422
"372","chr20",21762101,22762101,0.95830398797326,0.377065,"states_10_13",731,"20p","1mb",0.409166590833409
"373","chr20",33124901,34124901,0.978065932912707,0.414607,"states_7_9",1358,"20q","1mb",0.456733543266457
"374","chr20",37695701,38695701,0.970592190838476,0.366526,"states_10_13",733,"20q","1mb",0.408608591391409
"375","chr20",46029501,47029501,0.968275563726563,0.355642,"states_10_13",736,"20q","1mb",0.467600532399468
"376","chr20",53661351,54661351,0.960449863514056,0.755413,"states_10_13",740,"20q","1mb",0.381598618401382
"377","chr20",58659701,59659701,0.986062258656186,0.719001,"states_10_13",743,"20q","1mb",0.433386566613433
"378","chr20",59656551,60656551,0.98272853058299,0.65903,"states_10_13",744,"20q","1mb",0.51017148982851
"379","chr21",17992501,18992501,0.947813893298593,0.540516,"states_10_13",748,"21q","1mb",0.377410622589377
"380","chr21",18992251,19992251,0.973560800183485,0.442084,"states_10_13",749,"21q","1mb",0.371979628020372
"381","chr21",19992151,20992151,0.978403554320862,0.686137,"states_10_13",750,"21q","1mb",0.351945648054352
"382","chr21",20991601,21991601,0.98192276196717,0.618544,"states_10_13",751,"21q","1mb",0.348898651101349
"383","chr21",21991101,22991101,0.993585454046238,0.580579,"states_10_13",752,"21q","1mb",0.348847651152349
"384","chr21",22990551,23990551,0.985730272262,0.647685,"states_10_13",753,"21q","1mb",0.350743649256351
"385","chr21",23989101,24989101,0.983071079132314,0.427897,"states_10_13",754,"21q","1mb",0.344652655347345
"386","chr21",28061451,29061451,0.983248778009555,0.71091,"states_10_13",757,"21q","1mb",0.367950632049368
"387","chr21",29061201,30061201,0.926638057587869,0.443009,"states_10_13",758,"21q","1mb",0.367766632233368
"388","chr21",31769701,32769701,0.988237560362156,0.4694,"states_10_13",760,"21q","1mb",0.391671608328392
"389","chr21",36152301,37152301,0.98603206166241,0.489956,"states_10_13",762,"21q","1mb",0.414066585933414
"390","chr21",40689101,41689101,0.972696944832592,0.594674,"states_10_13",765,"21q","1mb",0.42978657021343
"391","chr21",41688901,42688901,0.981271249893735,0.667859,"states_10_13",766,"21q","1mb",0.417172582827417
"392","chr22",23991701,24991701,0.919913427070836,0.358032,"states_7_9",1362,"22q","1mb",0.495172504827495
"393","chr22",39997501,40997501,0.984647789623148,0.39936,"states_1_5",145,"22q","1mb",0.447751552248448
"394","chr22",42612301,43612301,0.967745271819477,0.363174,"states_1_5",147,"22q","1mb",0.514552485447515
"395","chr22",47138301,48138301,0.985423900435926,0.415284,"states_10_13",771,"22q","1mb",0.47967352032648
"396","chr22",48138151,49138151,0.991937512288208,0.698234,"states_10_13",772,"22q","1mb",0.48975951024049
"397","chr22",49137901,50137901,0.983074458798705,0.582288,"states_10_13",773,"22q","1mb",0.502026497973502
"398","chr3",5730101,6730101,0.955348593975824,0.565766,"states_10_13",777,"3p","1mb",0.375657624342376
"399","chr3",9392501,10392501,0.97262997791709,0.364544,"states_7_9",1370,"3p","1mb",0.466819533180467
"400","chr3",17051101,18051101,0.968174423761259,0.393576,"states_7_9",1373,"3p","1mb",0.382879617120383
"401","chr3",22999901,23999901,0.969138801255512,0.411914,"states_1_5",151,"3p","1mb",0.3994896005104
"402","chr3",29185551,30185551,0.977866136225519,0.433431,"states_10_13",785,"3p","1mb",0.366264633735366
"403","chr3",30235101,31235101,0.982716178389288,0.530875,"states_10_13",786,"3p","1mb",0.384343615656384
"404","chr3",31234901,32234901,0.987214978714699,0.421573,"states_10_13",787,"3p","1mb",0.40986259013741
"405","chr3",39922701,40922701,0.95384273537354,0.366395,"states_10_13",790,"3p","1mb",0.412055587944412
"406","chr3",46952701,47952701,0.980449942977796,0.411475,"states_7_9",1377,"3p","1mb",0.457603542396458
"407","chr3",51418301,52418301,0.976479881570967,0.353812,"states_7_9",1379,"3p","1mb",0.487963512036488
"408","chr3",52425101,53425101,0.984146177627579,0.401501,"states_7_9",1380,"3p","1mb",0.46984853015147
"409","chr3",55299701,56299701,0.984003088180012,0.382071,"states_10_13",797,"3p","1mb",0.410574589425411
"410","chr3",58429501,59429501,0.943136410345138,0.357204,"states_10_13",798,"3p","1mb",0.410605589394411
"411","chr3",59433701,60433701,0.987527500832497,0.430127,"states_10_13",799,"3p","1mb",0.397408602591397
"412","chr3",71332701,72332701,0.991195720443527,0.477943,"states_10_13",803,"3p","1mb",0.430725569274431
"413","chr3",105837101,106837101,0.972552469475878,0.482745,"states_10_13",807,"3q","1mb",0.366604633395367
"414","chr3",111909301,112909301,0.954742637516032,0.356571,"states_10_13",810,"3q","1mb",0.388022611977388
"415","chr3",118864301,119864301,0.981108694839189,0.378127,"states_1_5",154,"3q","1mb",0.405780594219406
"416","chr3",121997301,122997301,0.978159767804057,0.366568,"states_7_9",1384,"3q","1mb",0.421584578415422
"417","chr3",133483501,134483501,0.982059711693739,0.380486,"states_10_13",816,"3q","1mb",0.43958956041044
"418","chr3",139887901,140887901,0.976197255193916,0.365106,"states_10_13",821,"3q","1mb",0.417535582464418
"419","chr3",141147301,142147301,0.96982100303953,0.350776,"states_7_9",1386,"3q","1mb",0.404321595678404
"420","chr3",149903501,150903501,0.982152948020169,0.406608,"states_10_13",825,"3q","1mb",0.401671598328402
"421","chr3",150904301,151904301,0.972521528001619,0.377568,"states_10_13",826,"3q","1mb",0.372725627274373
"422","chr3",177453651,178453651,0.987460525033384,0.370401,"states_10_13",834,"3q","1mb",0.373458626541373
"423","chr3",186356101,187356101,0.961624305436853,0.374078,"states_10_13",837,"3q","1mb",0.423907576092424
"424","chr3",187353751,188353751,0.978599079975249,0.624545,"states_10_13",838,"3q","1mb",0.408063591936408
"425","chr3",188358701,189358701,0.975307310812689,0.49889,"states_10_13",839,"3q","1mb",0.386176613823386
"426","chr3",188953901,189953901,0.98194692368893,0.370145,"states_1_5",160,"3q","1mb",0.376854623145377
"427","chr3",193759301,194759301,0.98808105784984,0.358967,"states_10_13",844,"3q","1mb",0.461040538959461
"428","chr4",23101,1023101,0.961100511610515,0.450456,"states_10_13",845,"4p","1mb",0.485140514859485
"429","chr4",54889101,55889101,0.971117459954724,0.354517,"states_10_13",857,"4q","1mb",0.412774587225413
"430","chr4",77352701,78352701,0.981703227232096,0.472702,"states_10_13",861,"4q","1mb",0.416946583053417
"431","chr4",78354301,79354301,0.941637840824438,0.376036,"states_10_13",862,"4q","1mb",0.393294606705393
"432","chr4",81649901,82649901,0.966094689181743,0.356415,"states_10_13",864,"4q","1mb",0.376006623993376
"433","chr4",105236301,106236301,0.956062042769072,0.536987,"states_10_13",868,"4q","1mb",0.364887635112365
"434","chr4",140047701,141047701,0.983478902613967,0.391996,"states_10_13",875,"4q","1mb",0.415361584638415
"435","chr4",151178501,152178501,0.975718057632889,0.46906,"states_7_9",1395,"4q","1mb",0.376450623549376
"436","chr4",152639101,153639101,0.988569042283443,0.353628,"states_1_5",167,"4q","1mb",0.408123591876408
"437","chr4",186746151,187746151,0.966584858020706,0.486944,"states_10_13",887,"4q","1mb",0.417687582312418
"438","chr4",187746151,188746151,0.967387874646312,0.660129,"states_10_13",888,"4q","1mb",0.391808608191392
"439","chr4",188749901,189749901,0.958989061815451,0.686449,"states_10_13",889,"4q","1mb",0.404782595217405
"440","chr4",189747351,190747351,0.961531947493016,0.783095,"states_10_13",890,"4q","1mb",0.3995446004554
"441","chr5",2365351,3365351,0.990471033698561,0.86979,"states_10_13",892,"5p","1mb",0.44972155027845
"442","chr5",3363801,4363801,0.98407843097197,0.815777,"states_10_13",893,"5p","1mb",0.424110575889424
"443","chr5",4363801,5363801,0.976096313659973,0.424125,"states_10_13",894,"5p","1mb",0.403723596276404
"444","chr5",5386301,6386301,0.989342817263405,0.379884,"states_10_13",895,"5p","1mb",0.423106576893423
"445","chr5",36556301,37556301,0.960527599640668,0.374432,"states_7_9",1397,"5p","1mb",0.392060607939392
"446","chr5",45566701,46566701,0.93247589711446,0.545935,"states_10_13",903,"5p","1mb",0.305557694442306
"447","chr5",53989301,54989301,0.970153542547179,0.394687,"states_10_13",906,"5q","1mb",0.4001465998534
"448","chr5",55010101,56010101,0.974188738993644,0.496909,"states_10_13",907,"5q","1mb",0.414597585402415
"449","chr5",64011301,65011301,0.973477239960423,0.416927,"states_7_9",1398,"5q","1mb",0.36969263030737
"450","chr5",66359701,67359701,0.942968936495498,0.366453,"states_10_13",912,"5q","1mb",0.387156612843387
"451","chr5",67359801,68359801,0.977497724199508,0.432242,"states_10_13",913,"5q","1mb",0.403147596852403
"452","chr5",71718051,72718051,0.976362323053658,0.462249,"states_10_13",915,"5q","1mb",0.407970592029408
"453","chr5",72717051,73717051,0.983914423016607,0.595321,"states_10_13",916,"5q","1mb",0.406122593877406
"454","chr5",75942301,76942301,0.965611432239445,0.378747,"states_10_13",919,"5q","1mb",0.412191587808412
"455","chr5",76981901,77981901,0.969550553361546,0.38612,"states_7_9",1399,"5q","1mb",0.395420604579395
"456","chr5",87635301,88635301,0.97822421243212,0.364033,"states_10_13",921,"5q","1mb",0.367799632200368
"457","chr5",88631301,89631301,0.962147849129679,0.646187,"states_10_13",922,"5q","1mb",0.361393638606361
"458","chr5",89636101,90636101,0.963613545469768,0.376937,"states_10_13",923,"5q","1mb",0.376925623074377
"459","chr5",111230101,112230101,0.971505938074407,0.394023,"states_10_13",928,"5q","1mb",0.392484607515392
"460","chr5",123358651,124358651,0.97997887511009,0.426055,"states_10_13",933,"5q","1mb",0.393699606300394
"461","chr5",134288301,135288301,0.990713740339651,0.419843,"states_10_13",937,"5q","1mb",0.457783542216458
"462","chr5",136955101,137955101,0.976690296892484,0.382181,"states_7_9",1403,"5q","1mb",0.430890569109431
"463","chr5",138738301,139738301,0.987048540318328,0.3891,"states_1_5",173,"5q","1mb",0.446872553127447
"464","chr5",139657101,140657101,0.960975105395558,0.373022,"states_10_13",939,"5q","1mb",0.412804587195413
"465","chr5",153366901,154366901,0.985651947082751,0.355296,"states_7_9",1405,"5q","1mb",0.441709558290442
"466","chr5",158244701,159244701,0.982024014999036,0.356887,"states_10_13",945,"5q","1mb",0.407244592755407
"467","chr5",168366101,169366101,0.984613441242159,0.351215,"states_10_13",948,"5q","1mb",0.422158577841422
"468","chr5",169015301,170015301,0.980615413443094,0.384053,"states_7_9",1406,"5q","1mb",0.442468557531442
"469","chr5",169525901,170525901,0.965256973950694,0.375299,"states_10_13",949,"5q","1mb",0.433616566383434
"470","chr5",173463851,174463851,0.985392607434169,0.380814,"states_10_13",951,"5q","1mb",0.43991456008544
"471","chr5",177387701,178387701,0.944876381199506,0.381673,"states_10_13",952,"5q","1mb",0.47972452027548
"472","chr5",178389101,179389101,0.961690120835558,0.440222,"states_10_13",953,"5q","1mb",0.497709502290498
"473","chr6",148151,1148151,0.977274812691116,0.397591,"states_10_13",955,"6p","1mb",0.436520563479437
"474","chr6",2164701,3164701,0.972734155980028,0.368071,"states_10_13",957,"6p","1mb",0.435670564329436
"475","chr6",3166101,4166101,0.984966086244612,0.350185,"states_10_13",958,"6p","1mb",0.448177551822448
"476","chr6",4165201,5165201,0.971879001686562,0.444807,"states_10_13",959,"6p","1mb",0.430511569488431
"477","chr6",4892101,5892101,0.97767650940216,0.355704,"states_7_9",1408,"6p","1mb",0.429464570535429
"478","chr6",11512301,12512301,0.987444071358201,0.351435,"states_1_5",181,"6p","1mb",0.400909599090401
"479","chr6",12597501,13597501,0.985714400623926,0.412632,"states_10_13",963,"6p","1mb",0.417895582104418
"480","chr6",13716501,14716501,0.982989118048433,0.433048,"states_10_13",964,"6p","1mb",0.428563571436429
"481","chr6",22171651,23171651,0.973744976158256,0.497176,"states_10_13",968,"6p","1mb",0.374510625489375
"482","chr6",27910701,28910701,0.970867531512321,0.385827,"states_10_13",970,"6p","1mb",0.407211592788407
"483","chr6",37835301,38835301,0.985407406399589,0.356973,"states_1_5",191,"6p","1mb",0.400823599176401
"484","chr6",39491801,40491801,0.983082204700268,0.452014,"states_10_13",973,"6p","1mb",0.434783565216435
"485","chr6",40493701,41493701,0.986579672374545,0.473837,"states_10_13",974,"6p","1mb",0.456435543564456
"486","chr6",44910301,45910301,0.968917667830849,0.532878,"states_10_13",976,"6p","1mb",0.391570608429392
"487","chr6",45911301,46911301,0.974183684664569,0.46963,"states_10_13",977,"6p","1mb",0.394541605458395
"488","chr6",70335501,71335501,0.973415474744954,0.415767,"states_7_9",1414,"6q","1mb",0.37016262983737
"489","chr6",90133301,91133301,0.983029237601398,0.385798,"states_10_13",982,"6q","1mb",0.416729583270417
"490","chr6",106116701,107116701,0.977797025463839,0.418615,"states_10_13",985,"6q","1mb",0.400823599176401
"491","chr6",108724501,109724501,0.967044227921957,0.36178,"states_10_13",987,"6q","1mb",0.410725589274411
"492","chr6",130081101,131081101,0.974261241037339,0.352763,"states_10_13",991,"6q","1mb",0.384034615965384
"493","chr6",132514101,133514101,0.974396742602399,0.387123,"states_10_13",993,"6q","1mb",0.378327621672378
"494","chr6",137784001,138784001,0.9812352634157,0.355787,"states_10_13",997,"6q","1mb",0.407807592192408
"495","chr6",156316301,157316301,0.965993264758471,0.370664,"states_10_13",1005,"6q","1mb",0.405326594673405
"496","chr6",156452301,157452301,0.97403576020014,0.372985,"states_1_5",197,"6q","1mb",0.405838594161406
"497","chr6",157543701,158543701,0.986058011790122,0.354555,"states_10_13",1006,"6q","1mb",0.407742592257408
"498","chr6",169101301,170101301,0.970988146602696,0.393436,"states_10_13",1013,"6q","1mb",0.437150562849437
"499","chr7",1506701,2506701,0.973269111339527,0.386188,"states_7_9",1418,"7p","1mb",0.546273453726546
"500","chr7",3941301,4941301,0.964549755692439,0.614343,"states_10_13",1016,"7p","1mb",0.480985519014481
"501","chr7",23581101,24581101,0.959872390405053,0.376493,"states_10_13",1020,"7p","1mb",0.4000345999654
"502","chr7",25582801,26582801,0.969588628510679,0.418858,"states_10_13",1022,"7p","1mb",0.421014578985421
"503","chr7",27581301,28581301,0.986987453138265,0.419432,"states_10_13",1024,"7p","1mb",0.398936601063399
"504","chr7",28581901,29581901,0.988728581122957,0.418807,"states_10_13",1025,"7p","1mb",0.412886587113413
"505","chr7",36438701,37438701,0.971806864751761,0.371292,"states_7_9",1419,"7p","1mb",0.412845587154413
"506","chr7",41297101,42297101,0.995397117568054,0.420991,"states_10_13",1031,"7p","1mb",0.405114594885405
"507","chr7",56649101,57649101,0.780398245230581,0.381987,"states_10_13",1036,"7p","1mb",0.441699558300442
"508","chr7",63246501,64246501,0.94243074609661,0.611378,"states_10_13",1039,"7q","1mb",0.408480591519408
"509","chr7",66444301,67444301,0.90165953141063,0.385121,"states_10_13",1040,"7q","1mb",0.44006355993644
"510","chr7",67444401,68444401,0.988668129650312,0.77421,"states_10_13",1041,"7q","1mb",0.432515567484433
"511","chr7",68562701,69562701,0.992041030699729,0.39586,"states_1_5",199,"7q","1mb",0.42017557982442
"512","chr7",70712101,71712101,0.986491342657581,0.75383,"states_10_13",1044,"7q","1mb",0.438566561433439
"513","chr7",91474701,92474701,0.973281904393579,0.444964,"states_7_9",1421,"7q","1mb",0.384004615995384
"514","chr7",106001651,107001651,0.971224455608517,0.408433,"states_10_13",1049,"7q","1mb",0.396836603163397
"515","chr7",106999301,107999301,0.97790995538022,0.357394,"states_10_13",1050,"7q","1mb",0.393322606677393
"516","chr7",115312101,116312101,0.971764635539412,0.361935,"states_10_13",1051,"7q","1mb",0.367409632590367
"517","chr7",116311501,117311501,0.980201455717834,0.350923,"states_10_13",1052,"7q","1mb",0.384150615849384
"518","chr7",126043101,127043101,0.962886408982399,0.428497,"states_10_13",1056,"7q","1mb",0.375554624445376
"519","chr7",132466301,133466301,0.984588912432588,0.469375,"states_7_9",1426,"7q","1mb",0.387956612043388
"520","chr7",157551451,158551451,0.961964926836434,0.703809,"states_10_13",1069,"7q","1mb",0.497251502748497
"521","chr8",155701,1155701,0.917052640600263,0.551551,"states_10_13",1070,"8p","1mb",0.469401530598469
"522","chr8",1155701,2155701,0.949434561516669,0.551242,"states_10_13",1071,"8p","1mb",0.479290520709479
"523","chr8",2158701,3158701,0.950348407677574,0.674414,"states_10_13",1072,"8p","1mb",0.403902596097404
"524","chr8",3158751,4158751,0.984616264999267,0.813353,"states_10_13",1073,"8p","1mb",0.385639614360386
"525","chr8",4158451,5158451,0.985422065926684,0.633209,"states_10_13",1074,"8p","1mb",0.377851622148378
"526","chr8",5158251,6158251,0.976650460276016,0.501655,"states_10_13",1075,"8p","1mb",0.38962461037539
"527","chr8",13949751,14949751,0.974366696879685,0.588557,"states_10_13",1079,"8p","1mb",0.352158647841352
"528","chr8",14948501,15948501,0.975234193662564,0.714253,"states_10_13",1080,"8p","1mb",0.372603627396373
"529","chr8",15948401,16948401,0.970921399290254,0.503202,"states_10_13",1081,"8p","1mb",0.363510636489363
"530","chr8",18943101,19943101,0.983283133601896,0.37288,"states_10_13",1083,"8p","1mb",0.412366587633412
"531","chr8",23616901,24616901,0.980575134398392,0.369415,"states_10_13",1087,"8p","1mb",0.38005361994638
"532","chr8",27953701,28953701,0.983764665667706,0.398393,"states_7_9",1429,"8p","1mb",0.420614579385421
"533","chr8",46868701,47868701,0.95040603009272,0.753961,"states_10_13",1093,"8q","1mb",0.441606558393442
"534","chr8",48192301,49192301,0.953128501788413,0.424608,"states_7_9",1431,"8q","1mb",0.42029757970242
"535","chr8",58416301,59416301,0.973839877950809,0.403947,"states_10_13",1096,"8q","1mb",0.386999613000387
"536","chr8",59416101,60416101,0.969957129693431,0.376575,"states_10_13",1097,"8q","1mb",0.377537622462378
"537","chr8",81631301,82631301,0.973922777224157,0.395116,"states_10_13",1104,"8q","1mb",0.38965861034139
"538","chr8",100296951,101296951,0.952708983860478,0.425428,"states_7_9",1435,"8q","1mb",0.376367623632376
"539","chr8",102345901,103345901,0.959060761174196,0.355317,"states_10_13",1109,"8q","1mb",0.406176593823406
"540","chr8",126201701,127201701,0.979824132271107,0.359049,"states_10_13",1116,"8q","1mb",0.416082583917416
"541","chr8",127210701,128210701,0.960142255926008,0.371519,"states_10_13",1117,"8q","1mb",0.396673603326397
"542","chr8",129390301,130390301,0.946076598069201,0.531679,"states_10_13",1119,"8q","1mb",0.383133616866383
"543","chr8",133385701,134385701,0.987973034740814,0.490146,"states_10_13",1122,"8q","1mb",0.435193564806435
"544","chr8",134385751,135385751,0.977032824997625,0.550837,"states_10_13",1123,"8q","1mb",0.430973569026431
"545","chr8",136663901,137663901,0.964559207600302,0.620404,"states_10_13",1125,"8q","1mb",0.395433604566395
"546","chr9",1112751,2112751,0.951239899654536,0.36561,"states_10_13",1128,"9p","1mb",0.395277604722395
"547","chr9",2198901,3198901,0.976672358472882,0.354705,"states_10_13",1129,"9p","1mb",0.396894603105397
"548","chr9",3210101,4210101,0.977700453776045,0.370202,"states_10_13",1130,"9p","1mb",0.381768618231382
"549","chr9",6146101,7146101,0.960781467248436,0.40019,"states_7_9",1440,"9p","1mb",0.407924592075408
"550","chr9",37134901,38134901,0.990168943573124,0.377411,"states_1_5",214,"9p","1mb",0.436391563608436
"551","chr9",86646301,87646301,0.984427066475351,0.385673,"states_10_13",1141,"9q","1mb",0.412344587655412
"552","chr9",93140801,94140801,0.97111560200248,0.426445,"states_10_13",1145,"9q","1mb",0.42021557978442
"553","chr9",94789551,95789551,0.946048052485176,0.362448,"states_7_9",1443,"9q","1mb",0.434013565986434
"554","chr9",98593001,99593001,0.972909712293197,0.394564,"states_10_13",1148,"9q","1mb",0.427302572697427
"555","chr9",109456501,110456501,0.982626061594293,0.372007,"states_10_13",1151,"9q","1mb",0.421927578072422
"556","chr9",117639701,118639701,0.971368110825576,0.358077,"states_10_13",1158,"9q","1mb",0.393299606700393
"557","chr9",123146101,124146101,0.980517459834641,0.417286,"states_7_9",1446,"9q","1mb",0.422880577119423
"558","chr9",126993701,127993701,0.983376484922516,0.402611,"states_7_9",1449,"9q","1mb",0.456299543700456
"559","chr9",131017901,132017901,0.978561763407006,0.46925,"states_7_9",1451,"9q","1mb",0.512366487633512
