"","feature","total_kmers"
"1","(CATTC)n#Satellite",12668.7984496124
"2","(GAATG)n#Satellite",23990.0775193798
"3","5S#rRNA",770.232558139535
"4","7SK#snRNA",983.100775193798
"5","7SLRNA#srpRNA",2322.44186046512
"6","ACRO1#Satellite_acro",99.922480620155
"7","ALR_Alpha#Satellite_centr",1809655.03875969
"8","Alu-VAR_rnd-5_family-1084#SINE_Alu",8.17829457364341
"9","Alu#SINE_Alu",5119.34108527132
"10","AluJb#SINE_Alu",174873.565891473
"11","AluJo#SINE_Alu",9644.6511627907
"12","AluJr#SINE_Alu",9437.59689922481
"13","AluJr4#SINE_Alu",4597.63565891473
"14","AluSc#SINE_Alu",4895.42635658915
"15","AluSc5#SINE_Alu",974.37984496124
"16","AluSc8#SINE_Alu",5515.85271317829
"17","AluSg#SINE_Alu",7879.61240310077
"18","AluSg4#SINE_Alu",2073.64341085271
"19","AluSg7#SINE_Alu",1372.20930232558
"20","AluSp#SINE_Alu",8208.02325581395
"21","AluSq#SINE_Alu",4081.58914728682
"22","AluSq10#SINE_Alu",738.875968992248
"23","AluSq2#SINE_Alu",6009.3023255814
"24","AluSq4#SINE_Alu",414.457364341085
"25","AluSx#SINE_Alu",101836.201550388
"26","AluSx1#SINE_Alu",10994.1472868217
"27","AluSx3#SINE_Alu",4678.99224806202
"28","AluSx4#SINE_Alu",2306.12403100775
"29","AluSz#SINE_Alu",11310.4651162791
"30","AluSz6#SINE_Alu",10291.2015503876
"31","AluY#SINE_Alu",39949.1085271318
"32","AluYa5#SINE_Alu",664.22480620155
"33","AluYa8#SINE_Alu",351.705426356589
"34","AluYb8#SINE_Alu",687.248062015504
"35","AluYb9#SINE_Alu",41.9767441860465
"36","AluYc#SINE_Alu",680.968992248062
"37","AluYc3#SINE_Alu",300.193798449612
"38","AluYd8#SINE_Alu",52.2093023255814
"39","AluYe5#SINE_Alu",1513.91472868217
"40","AluYe6#SINE_Alu",86.3565891472868
"41","AluYf1#SINE_Alu",159.37984496124
"42","AluYg6#SINE_Alu",548.992248062016
"43","AluYh3#SINE_Alu",402.131782945736
"44","AluYh7#SINE_Alu",549.263565891473
"45","AluYh9#SINE_Alu",373.372093023256
"46","AluYi6_4d#SINE_Alu",56.3178294573643
"47","AluYi6#SINE_Alu",238.333333333333
"48","AluYj4#SINE_Alu",324.108527131783
"49","AluYk11#SINE_Alu",115.852713178295
"50","AluYk12#SINE_Alu",206.395348837209
"51","AluYk2#SINE_Alu",2104.18604651163
"52","AluYk3#SINE_Alu",1267.90697674419
"53","AluYk4#SINE_Alu",305.503875968992
"54","AluYm1#SINE_Alu",411.472868217054
"55","AmnHarb1#DNA_PIF-Harbinger",1335.46511627907
"56","AmnL2-1#LINE_L2",16066.4341085271
"57","AmnSINE1#SINE_5S-Deu-L2",10168.4108527132
"58","AmnSINE2#SINE_tRNA-Deu",1389.49612403101
"59","Arthur1#DNA_hAT-Tip100",34438.7984496124
"60","Arthur1A#DNA_hAT-Tip100",1007.48062015504
"61","Arthur1B#DNA_hAT-Tip100",6927.13178294574
"62","Arthur1C#DNA_hAT-Tip100",908.410852713178
"63","Arthur2#DNA_hAT-Tip100",16904.8449612403
"64","BC200#scRNA",181.550387596899
"65","BLACKJACK#DNA_hAT-Blackjack",18695.9302325581
"66","BSR_Beta#Satellite",172688.217054264
"67","CER#Satellite",19641.4341085271
"68","Chap1_Mam#DNA_hAT-Charlie",1061.86046511628
"69","Chap1a_Mam#DNA_hAT-Charlie",5691.47286821705
"70","Charlie1#DNA_hAT-Charlie",15997.0542635659
"71","Charlie10#DNA_hAT-Charlie",9711.66666666667
"72","Charlie10a#DNA_hAT-Charlie",297.519379844961
"73","Charlie10b#DNA_hAT-Charlie",242.131782945736
"74","Charlie11#DNA_hAT-Charlie",644.883720930233
"75","Charlie12#DNA_hAT-Charlie",107.635658914729
"76","Charlie13a#DNA_hAT-Charlie",2661.08527131783
"77","Charlie13b#DNA_hAT-Charlie",1395.11627906977
"78","Charlie14a#DNA_hAT-Charlie",2301.86046511628
"79","Charlie15a#DNA_hAT-Charlie",3897.01550387597
"80","Charlie15b#DNA_hAT-Charlie",9115.54263565891
"81","Charlie16#DNA_hAT-Charlie",14724.8837209302
"82","Charlie16a#DNA_hAT-Charlie",2755.54263565891
"83","Charlie17#DNA_hAT-Charlie",4174.96124031008
"84","Charlie17a#DNA_hAT-Charlie",1356.2015503876
"85","Charlie17b#DNA_hAT-Charlie",2367.59689922481
"86","Charlie18a#DNA_hAT-Charlie",5116.78294573643
"87","Charlie19a#DNA_hAT-Charlie",3311.31782945736
"88","Charlie1a#DNA_hAT-Charlie",27010
"89","Charlie1b#DNA_hAT-Charlie",4479.96124031008
"90","Charlie20a#DNA_hAT-Charlie",2779.03100775194
"91","Charlie21a#DNA_hAT-Charlie",3030.07751937984
"92","Charlie22a#DNA_hAT-Charlie",2883.64341085271
"93","Charlie23a#DNA_hAT-Charlie",2874.49612403101
"94","Charlie24#DNA_hAT-Charlie",13846.976744186
"95","Charlie25#DNA_hAT-Charlie",11268.3720930233
"96","Charlie26a#DNA_hAT-Charlie",905.581395348837
"97","Charlie29a#DNA_hAT-Charlie",3361.51162790698
"98","Charlie29b#DNA_hAT-Charlie",5397.63565891473
"99","Charlie2a#DNA_hAT-Charlie",18987.7906976744
"100","Charlie2b#DNA_hAT-Charlie",18922.6744186046
"101","Charlie3#DNA_hAT-Charlie",2949.57364341085
"102","Charlie30a#DNA_hAT-Charlie",2035.81395348837
"103","Charlie30b#DNA_hAT-Charlie",3976.82170542636
"104","Charlie31a#DNA_hAT-Charlie",1918.7984496124
"105","Charlie32a#DNA_hAT-Charlie",509.031007751938
"106","Charlie4#DNA_hAT-Charlie",7013.17829457364
"107","Charlie4a#DNA_hAT-Charlie",5967.86821705426
"108","Charlie4z#DNA_hAT-Charlie",5628.37209302326
"109","Charlie5#DNA_hAT-Charlie",24056.007751938
"110","Charlie6#DNA_hAT-Charlie",2134.61240310078
"111","Charlie7#DNA_hAT-Charlie",36115
"112","Charlie7a#DNA_hAT-Charlie",2221.04651162791
"113","Charlie7b_Mars#DNA_hAT-Charlie",82.6356589147287
"114","Charlie8#DNA_hAT-Charlie",34393.9534883721
"115","Charlie9#DNA_hAT-Charlie",7600.6976744186
"116","Cheshire#DNA_hAT-Charlie",7309.10852713178
"117","Chompy-6_Croc#DNA_PIF-Harbinger",37.0542635658915
"118","COMP-subunit_LSAU-BSAT_rnd-1_family-1#Satellite",18960.3875968992
"119","COMP-subunit_LSAU-BSAT_rnd-1_family-10#Satellite",52.4031007751938
"120","COMP-subunit_LSAU-BSAT_rnd-1_family-4#Satellite",3944.3023255814
"121","COMP-subunit_LSAU-BSAT_rnd-6_family-5403#Satellite",337.790697674419
"122","CR1_Mam#LINE_CR1",15240.6589147287
"123","CR1-1_Amn#LINE_CR1",718.294573643411
"124","CR1-11_Crp#LINE_CR1",227.364341085271
"125","CR1-12_AMi#LINE_CR1",454.767441860465
"126","CR1-13_AMi#LINE_CR1",473.139534883721
"127","CR1-16_AMi#LINE_CR1",1944.76744186047
"128","CR1-3_Croc#LINE_CR1",7296.16279069767
"129","CR1-L3A_Croc#LINE_CR1",817.906976744186
"130","CR1-L3B_Croc#LINE_CR1",430.426356589147
"131","D20S16#Satellite",245.813953488372
"132","DNA1_Mam#DNA_TcMar",4.61240310077519
"133","DNA1_Mam#DNA_TcMar-Tc1",298.410852713178
"134","ERV24_Prim-int#LTR_ERV1",2580.96899224806
"135","ERV24B_Prim-int#LTR_ERV1",3457.13178294574
"136","ERV3-16A3_I#LTR_ERVL",41111.9379844961
"137","ERV3-16A3_LTR#LTR_ERVL",4020.73643410853
"138","ERVL-B4-int#LTR_ERVL",23055.0387596899
"139","ERVL-E-int#LTR_ERVL",106373.720930233
"140","ERVL-int#LTR_ERVL",7070.50387596899
"141","ERVL47-int#LTR_ERVL",362.713178294574
"142","Eulor1#DNA",265.581395348837
"143","Eulor10#DNA",92.4806201550388
"144","Eulor11#DNA",528.488372093023
"145","Eulor12#DNA",164.186046511628
"146","Eulor2A#DNA",151.046511627907
"147","Eulor2B#DNA",148.023255813953
"148","Eulor2B#DNA?",5.50387596899225
"149","Eulor2C#DNA",80.4651162790698
"150","Eulor3#DNA",76.3178294573643
"151","Eulor5A#DNA_Crypton-A",297.170542635659
"152","Eulor5A#DNA?",16.9767441860465
"153","Eulor5B#DNA_Crypton-A",121.356589147287
"154","Eulor6A#DNA_Crypton",127.906976744186
"155","Eulor6B#DNA_Crypton",180.77519379845
"156","Eulor6C#DNA_Crypton",19.1860465116279
"157","Eulor6D#DNA_Crypton",158.410852713178
"158","Eulor6E#DNA_Crypton",81.2015503875969
"159","Eulor7#DNA",19.7674418604651
"160","Eulor8#DNA_TcMar",818.372093023256
"161","Eulor9A#DNA",327.558139534884
"162","Eulor9B#DNA",50.0387596899225
"163","Eulor9C#DNA",355.232558139535
"164","EuthAT-2#DNA_hAT-Ac",8724.84496124031
"165","EuthAT-N1#DNA_hAT-Tip100",122.054263565891
"166","EuthAT-N1a#DNA_hAT-Tip100",56.046511627907
"167","Eutr10#LTR_ERVL",2908.60465116279
"168","Eutr11#DNA",2325.73643410853
"169","Eutr15#DNA_hAT-Tip100",2473.25581395349
"170","Eutr15#DNA_hAT-Tip100?",321.860465116279
"171","Eutr16#DNA_hAT-Tip100",1477.09302325581
"172","Eutr16#DNA?_hAT-Tip100?",253.604651162791
"173","Eutr18#LTR",2348.72093023256
"174","Eutr2#DNA",131.317829457364
"175","Eutr2#DNA_MULE-MuDR",498.410852713178
"176","Eutr2B#DNA",38.0232558139535
"177","Eutr2B#DNA_MULE-MuDR",2495
"178","Eutr5#LTR",1773.75968992248
"179","EUTREP15#LTR_ERV1",607.054263565891
"180","EUTREP16#LTR",893.372093023256
"181","EUTREP2#DNA_hAT",2181.70542635659
"182","EUTREP4#DNA_PiggyBac",1606.51162790698
"183","EUTREP7#LTR_ERV1",392.713178294574
"184","EUTREP8#LTR",726.821705426357
"185","EutTc1-N1#DNA_TcMar-Tc1",33.8759689922481
"186","EutTc1-N2#DNA_TcMar-Tc1",267.015503875969
"187","FAM#SINE_Alu",955.077519379845
"188","FLAM_A#SINE_Alu",1975.38759689922
"189","FLAM_C#SINE_Alu",11111.007751938
"190","FordPrefect_a#DNA_hAT-Tip100",438.565891472868
"191","FordPrefect#DNA_hAT-Tip100",5359.03100775194
"192","FRAM#SINE_Alu",6615.07751937984
"193","GSAT#Satellite_centr",8791.66666666667
"194","GSATII#Satellite_centr",1979.37984496124
"195","GSATX#Satellite_centr",3791.74418604651
"196","HAL1#LINE_L1",115553.953488372
"197","HAL1b#LINE_L1",27893.488372093
"198","HAL1M8#LINE_L1",6233.95348837209
"199","HAL1ME#LINE_L1",43174.5348837209
"200","Harlequin-int#LTR_ERV1",1665.85271317829
"201","hAT-1_Mam#DNA_hAT-Tag1",18505.8527131783
"202","hAT-4b_Ther#DNA_hAT-Tip100",956.511627906977
"203","hAT-5_Mam#DNA_hAT-Tag1",10767.4418604651
"204","hAT-N1_Mam#DNA_hAT-Tip100",541.201550387597
"205","hAT-N1a_Mam#DNA_hAT-Tip100",1050.3488372093
"206","Helitron1Na_Mam#RC_Helitron",931.201550387597
"207","Helitron1Nb_Mam#RC_Helitron",1085.65891472868
"208","Helitron2Na_Mam#RC_Helitron",1092.82945736434
"209","Helitron3Na_Mam#RC_Helitron",2644.84496124031
"210","HERV-Fc1_LTR1#LTR_ERV1",322.054263565891
"211","HERV-Fc1_LTR3#LTR_ERV1",11.7054263565891
"212","HERV-Fc1-int#LTR_ERV1",44.7674418604651
"213","HERV-Fc2_LTR#LTR_ERV1",272.635658914729
"214","HERV-Fc2-int#LTR_ERV1",487.945736434109
"215","HERV1_I#LTR_ERV1",555.852713178295
"216","HERV1_LTRa#LTR_ERV1",19.8449612403101
"217","HERV1_LTRb#LTR_ERV1",293.372093023256
"218","HERV1_LTRc#LTR_ERV1",194.68992248062
"219","HERV1_LTRd#LTR_ERV1",5.23255813953488
"220","HERV1_LTRe#LTR_ERV1",50.5813953488372
"221","HERV15-int#LTR_ERV1",410.658914728682
"222","HERV16-int#LTR_ERVL",22593.8759689922
"223","HERV17-int#LTR_ERV1",4429.22480620155
"224","HERV3-int#LTR_ERV1",1779.61240310078
"225","HERV35I-int#LTR_ERV1",2210.23255813953
"226","HERV4_I#LTR_ERV1",1641.04651162791
"227","HERV9-int#LTR_ERV1",3315.3488372093
"228","HERV9N-int#LTR_ERV1",913.565891472868
"229","HERV9NC-int#LTR_ERV1",1612.94573643411
"230","HERVE_a-int#LTR_ERV1",708.255813953488
"231","HERVE-int#LTR_ERV1",4664.88372093023
"232","HERVFH19-int#LTR_ERV1",1090.15503875969
"233","HERVFH21-int#LTR_ERV1",1229.3023255814
"234","HERVH-int#LTR_ERV1",7065.07751937984
"235","HERVH48-int#LTR_ERV1",844.68992248062
"236","HERVI-int#LTR_ERV1",450.077519379845
"237","HERVIP10B3-int#LTR_ERV1",1569.26356589147
"238","HERVIP10F-int#LTR_ERV1",2712.36434108527
"239","HERVIP10FH-int#LTR_ERV1",13381.8604651163
"240","HERVK-int#LTR_ERVK",2381.93798449612
"241","HERVK11-int#LTR_ERVK",1896.2015503876
"242","HERVK11D-int#LTR_ERVK",169.84496124031
"243","HERVK13-int#LTR_ERVK",189.302325581395
"244","HERVK14-int#LTR_ERVK",1092.17054263566
"245","HERVK14C-int#LTR_ERVK",815.271317829457
"246","HERVK22-int#LTR_ERVK",2194.96124031008
"247","HERVK3-int#LTR_ERVK",1116.39534883721
"248","HERVK9-int#LTR_ERVK",962.868217054264
"249","HERVKC4-int#LTR_ERVK",341.085271317829
"250","HERVL-int#LTR_ERVL",11983.1007751938
"251","HERVL18-int#LTR_ERVL",2831.62790697674
"252","HERVL32-int#LTR_ERVL",81.0077519379845
"253","HERVL40-int#LTR_ERVL",10331.1240310078
"254","HERVL66-int#LTR_ERVL",47.3643410852713
"255","HERVL74-int#LTR_ERVL",1623.91472868217
"256","HERVP71A-int#LTR_ERV1",1940.81395348837
"257","HERVS71-int#LTR_ERV1",3842.44186046512
"258","HSAT4#Satellite_centr",7709.22480620155
"259","HSAT5#Satellite",262.984496124031
"260","HSAT6#Satellite",3.64341085271318
"261","HSATI#Satellite",91760.4263565891
"262","HSATII#Satellite",696940.19379845
"263","HSMAR1#DNA_TcMar-Mariner",2400.58139534884
"264","HSMAR2#DNA_TcMar-Mariner",6013.95348837209
"265","HUERS-P1-int#LTR_ERV1",2400.93023255814
"266","HUERS-P2-int#LTR_ERV1",406.356589147287
"267","HUERS-P3-int#LTR_ERV1",3389.68992248062
"268","HUERS-P3b-int#LTR_ERV1",1975.15503875969
"269","HY1#scRNA",209.767441860465
"270","HY3#scRNA",114.68992248062
"271","HY4#scRNA",41.5891472868217
"272","HY5#scRNA",11.5116279069767
"273","Kanga1#DNA_TcMar-Tc2",3133.72093023256
"274","Kanga11a#DNA_TcMar-Tc2",3160
"275","Kanga1a#DNA_TcMar-Tc2",1778.95348837209
"276","Kanga1b#DNA_TcMar-Tc2",876.899224806202
"277","Kanga1c#DNA_TcMar-Tc2",1730.38759689922
"278","Kanga1d#DNA_TcMar-Tc2",979.06976744186
"279","Kanga2_a#DNA_TcMar-Tc2",4914.96124031008
"280","L1HS#LINE_L1",13253.3333333333
"281","L1M#LINE_L1",11827.3643410853
"282","L1M1#LINE_L1",107538.333333333
"283","L1M2#LINE_L1",80771.5891472868
"284","L1M2a#LINE_L1",6030.50387596899
"285","L1M2a1#LINE_L1",978.488372093023
"286","L1M2b#LINE_L1",1955.73643410853
"287","L1M2c#LINE_L1",4664.45736434108
"288","L1M3#LINE_L1",64058.1007751938
"289","L1M3a#LINE_L1",4465.3488372093
"290","L1M3b#LINE_L1",6260.46511627907
"291","L1M3c#LINE_L1",9257.59689922481
"292","L1M3d#LINE_L1",4813.41085271318
"293","L1M3de#LINE_L1",2804.92248062016
"294","L1M3e#LINE_L1",5279.53488372093
"295","L1M3f#LINE_L1",5975.07751937984
"296","L1M4#LINE_L1",168578.294573643
"297","L1M4a1#LINE_L1",12802.984496124
"298","L1M4a2#LINE_L1",9293.48837209302
"299","L1M4b#LINE_L1",36745.2713178295
"300","L1M4c#LINE_L1",27167.8682170543
"301","L1M5#LINE_L1",596002.054263566
"302","L1M6#LINE_L1",72668.8372093023
"303","L1M6B#LINE_L1",1693.87596899225
"304","L1M7#LINE_L1",27583.2170542636
"305","L1M8#LINE_L1",5003.7984496124
"306","L1MA1#LINE_L1",62470.1937984496
"307","L1MA10#LINE_L1",61927.4418604651
"308","L1MA2#LINE_L1",101914.108527132
"309","L1MA3#LINE_L1",106402.286821705
"310","L1MA4#LINE_L1",145028.682170543
"311","L1MA4A#LINE_L1",83612.1317829457
"312","L1MA5#LINE_L1",55911.3565891473
"313","L1MA5A#LINE_L1",51396.7829457364
"314","L1MA6#LINE_L1",74270.8527131783
"315","L1MA7#LINE_L1",127708.527131783
"316","L1MA8#LINE_L1",152680.03875969
"317","L1MA9#LINE_L1",216966.782945736
"318","L1MB1#LINE_L1",70877.3255813953
"319","L1MB2#LINE_L1",107658.798449612
"320","L1MB3#LINE_L1",249395.11627907
"321","L1MB4#LINE_L1",104555.852713178
"322","L1MB5#LINE_L1",128890.581395349
"323","L1MB7#LINE_L1",243048.139534884
"324","L1MB8#LINE_L1",237347.519379845
"325","L1MC#LINE_L1",59392.7519379845
"326","L1MC1#LINE_L1",190472.713178295
"327","L1MC2#LINE_L1",76983.7596899225
"328","L1MC3#LINE_L1",186904.263565891
"329","L1MC4#LINE_L1",397811.007751938
"330","L1MC4a#LINE_L1",123532.519379845
"331","L1MC5#LINE_L1",244240.426356589
"332","L1MC5a#LINE_L1",278748.410852713
"333","L1MCa#LINE_L1",55084.6899224806
"334","L1MCb#LINE_L1",22627.2480620155
"335","L1MCc#LINE_L1",27702.6744186046
"336","L1MD#LINE_L1",74637.5581395349
"337","L1MD1#LINE_L1",66308.4108527132
"338","L1MD2#LINE_L1",119891.860465116
"339","L1MD3#LINE_L1",99958.6821705426
"340","L1MDa#LINE_L1",57543.992248062
"341","L1MDb#LINE_L1",8531.08527131783
"342","L1ME1#LINE_L1",304801.162790698
"343","L1ME2#LINE_L1",126320.736434109
"344","L1ME2z#LINE_L1",84432.7131782946
"345","L1ME3#LINE_L1",92275.3100775194
"346","L1ME3A#LINE_L1",208745
"347","L1ME3B#LINE_L1",73213.9147286822
"348","L1ME3C#LINE_L1",34565.2713178295
"349","L1ME3Cz#LINE_L1",156806.821705426
"350","L1ME3D#LINE_L1",39994.496124031
"351","L1ME3E#LINE_L1",42845.7751937985
"352","L1ME3F#LINE_L1",47866.4728682171
"353","L1ME3G#LINE_L1",320158.410852713
"354","L1ME4a#LINE_L1",542452.635658915
"355","L1ME4b#LINE_L1",334476.899224806
"356","L1ME4c#LINE_L1",191784.224806202
"357","L1ME5#LINE_L1",37050.0387596899
"358","L1MEa#LINE_L1",3869.84496124031
"359","L1MEb#LINE_L1",25470.2325581395
"360","L1MEc#LINE_L1",144403.410852713
"361","L1MEd#LINE_L1",170332.248062016
"362","L1MEf#LINE_L1",96817.984496124
"363","L1MEg#LINE_L1",111994.689922481
"364","L1MEg1#LINE_L1",8178.7984496124
"365","L1MEg2#LINE_L1",5497.63565891473
"366","L1MEh#LINE_L1",14519.8837209302
"367","L1MEi#LINE_L1",30459.8837209302
"368","L1MEj#LINE_L1",12758.023255814
"369","L1P#LINE_L1",2319.84496124031
"370","L1P1#LINE_L1",30183.8372093023
"371","L1P2#LINE_L1",14042.8294573643
"372","L1P3#LINE_L1",37719.5736434109
"373","L1P3b#LINE_L1",1285.81395348837
"374","L1P4#LINE_L1",36922.9457364341
"375","L1P4a#LINE_L1",6675.38759689922
"376","L1P4b#LINE_L1",755.658914728682
"377","L1P4c#LINE_L1",123.527131782946
"378","L1P4d#LINE_L1",1480.03875968992
"379","L1P4e#LINE_L1",1931.5503875969
"380","L1P5#LINE_L1",5693.1007751938
"381","L1PA10#LINE_L1",102621.627906977
"382","L1PA11#LINE_L1",59128.1007751938
"383","L1PA12#LINE_L1",19783.2945736434
"384","L1PA13#LINE_L1",129020.813953488
"385","L1PA14#LINE_L1",49210.8139534884
"386","L1PA15-16#LINE_L1",12235.8139534884
"387","L1PA15#LINE_L1",112199.534883721
"388","L1PA16#LINE_L1",189175.852713178
"389","L1PA17#LINE_L1",66001.7829457364
"390","L1PA2#LINE_L1",51591.0465116279
"391","L1PA3#LINE_L1",108431.821705426
"392","L1PA4#LINE_L1",152159.108527132
"393","L1PA5#LINE_L1",151312.093023256
"394","L1PA6#LINE_L1",62612.2868217054
"395","L1PA7#LINE_L1",172018.178294574
"396","L1PA8#LINE_L1",117384.147286822
"397","L1PA8A#LINE_L1",30762.015503876
"398","L1PB#LINE_L1",14671.1240310078
"399","L1PB1#LINE_L1",136528.798449612
"400","L1PB2#LINE_L1",39321.8992248062
"401","L1PB3#LINE_L1",47018.3720930233
"402","L1PB4#LINE_L1",105635.03875969
"403","L1PBa#LINE_L1",19872.4031007752
"404","L1PBa1#LINE_L1",4811.93798449612
"405","L1PBb#LINE_L1",2875.23255813953
"406","L1PREC2#LINE_L1",116147.751937984
"407","L2-1_AMi#LINE_L2",333.604651162791
"408","L2-1_Crp#LINE_L2",54.4961240310078
"409","L2-2_Mam#LINE_L2",1092.44186046512
"410","L2#LINE_L2",728883.449612403
"411","L2a#LINE_L2",2019720.93023256
"412","L2b#LINE_L2",1480094.76744186
"413","L2c#LINE_L2",1703990.07751938
"414","L2d#LINE_L2",431464.418604651
"415","L2d2#LINE_L2",698586.356589147
"416","L3#LINE_CR1",597584.496124031
"417","L3b#LINE_CR1",214466.046511628
"418","L4_A_Mam#LINE_RTE-X",98162.2868217054
"419","L4_B_Mam#LINE_RTE-X",49461.976744186
"420","L4_C_Mam#LINE_RTE-X",81273.0620155039
"421","L5#LINE_RTE-X",5794.3023255814
"422","LFSINE_Vert#SINE_tRNA",6787.82945736434
"423","Looper#DNA_PiggyBac",2775.81395348837
"424","LOR1-int#LTR_ERV1",4548.75968992248
"425","LOR1a#LTR_ERV1",2938.48837209302
"426","LOR1b#LTR_ERV1",3093.72093023256
"427","LSAU#Satellite",10184.0697674419
"428","LSU-rRNA_Hsa#rRNA",34396.6279069767
"429","LTR06#LTR_ERV1",135
"430","LTR1#LTR_ERV1",919.612403100775
"431","LTR101_Mam#LTR_ERVL",3248.17829457364
"432","LTR102_Mam#LTR_ERVL",1871.62790697674
"433","LTR103_Mam#LTR_ERV1",1937.86821705426
"434","LTR103b_Mam#LTR_ERV1",1619.10852713178
"435","LTR104_Mam#LTR_Gypsy",9534.68992248062
"436","LTR105_Mam#LTR_ERVL",1516.78294573643
"437","LTR106_Mam#LTR",1278.21705426357
"438","LTR107_Mam#LTR",1011.82170542636
"439","LTR108a_Mam#LTR_ERVL",66.1240310077519
"440","LTR108b_Mam#LTR_ERVL",71.937984496124
"441","LTR108c_Mam#LTR_ERVL",41.9767441860465
"442","LTR108d_Mam#LTR_ERVL",165.93023255814
"443","LTR108e_Mam#LTR_ERVL",347.364341085271
"444","LTR109A2#LTR_ERV1",38.3720930232558
"445","LTR10A#LTR_ERV1",999.186046511628
"446","LTR10B#LTR_ERV1",623.255813953488
"447","LTR10B1#LTR_ERV1",1624.03100775194
"448","LTR10B2#LTR_ERV1",1653.29457364341
"449","LTR10C#LTR_ERV1",707.286821705426
"450","LTR10D#LTR_ERV1",351.937984496124
"451","LTR10E#LTR_ERV1",377.131782945736
"452","LTR10F#LTR_ERV1",2232.90697674419
"453","LTR10G#LTR_ERV1",916.201550387597
"454","LTR12_v#LTR_ERV1",2265
"455","LTR12#LTR_ERV1",2086.97674418605
"456","LTR12B#LTR_ERV1",6261.08527131783
"457","LTR12C#LTR_ERV1",5628.60465116279
"458","LTR12D#LTR_ERV1",2288.60465116279
"459","LTR12E#LTR_ERV1",1867.28682170543
"460","LTR12F#LTR_ERV1",1934.06976744186
"461","LTR13_v#LTR_ERVK",466.085271317829
"462","LTR13#LTR_ERVK",1093.72093023256
"463","LTR13A#LTR_ERVK",840.387596899225
"464","LTR14#LTR_ERVK",1141.35658914729
"465","LTR14A#LTR_ERVK",439.612403100775
"466","LTR14B#LTR_ERVK",510.116279069767
"467","LTR14C#LTR_ERVK",1013.41085271318
"468","LTR15#LTR_ERV1",2152.67441860465
"469","LTR16#LTR_ERVL",10095.6976744186
"470","LTR16A#LTR_ERVL",10345.5813953488
"471","LTR16A1#LTR_ERVL",5797.32558139535
"472","LTR16A2#LTR_ERVL",4195.23255813953
"473","LTR16B#LTR_ERVL",2158.7984496124
"474","LTR16B1#LTR_ERVL",3089.53488372093
"475","LTR16B2#LTR_ERVL",2959.06976744186
"476","LTR16C#LTR_ERVL",14084.4186046512
"477","LTR16D#LTR_ERVL",2724.45736434109
"478","LTR16D1#LTR_ERVL",481.782945736434
"479","LTR16D2#LTR_ERVL",346.705426356589
"480","LTR16E1#LTR_ERVL",4994.26356589147
"481","LTR16E2#LTR_ERVL",4822.82945736434
"482","LTR17#LTR_ERV1",4283.21705426357
"483","LTR18A#LTR_ERVL",1845.62015503876
"484","LTR18B#LTR_ERVL",657.093023255814
"485","LTR18C#LTR_ERVL",1140.19379844961
"486","LTR19-int#LTR_ERV1",578.333333333333
"487","LTR19A#LTR_ERV1",1788.72093023256
"488","LTR19B#LTR_ERV1",511.124031007752
"489","LTR19C#LTR_ERV1",332.093023255814
"490","LTR1A1#LTR_ERV1",1006.47286821705
"491","LTR1A2#LTR_ERV1",2257.86821705426
"492","LTR1B#LTR_ERV1",803.604651162791
"493","LTR1B0#LTR_ERV1",206.279069767442
"494","LTR1B1#LTR_ERV1",501.201550387597
"495","LTR1C#LTR_ERV1",168.023255813953
"496","LTR1C1#LTR_ERV1",246.550387596899
"497","LTR1C3#LTR_ERV1",131.550387596899
"498","LTR1D#LTR_ERV1",1515.89147286822
"499","LTR1D1#LTR_ERV1",960.077519379845
"500","LTR1E#LTR_ERV1",849.22480620155
"501","LTR1F#LTR_ERV1",579.84496124031
"502","LTR1F1#LTR_ERV1",590.93023255814
"503","LTR1F2#LTR_ERV1",465.232558139535
"504","LTR2#LTR_ERV1",4732.28682170543
"505","LTR21A#LTR_ERV1",613.449612403101
"506","LTR21B#LTR_ERV1",458.953488372093
"507","LTR21C#LTR_ERV1",246.744186046512
"508","LTR22#LTR_ERVK",193.643410852713
"509","LTR22A#LTR_ERVK",577.868217054264
"510","LTR22B#LTR_ERVK",142.364341085271
"511","LTR22B1#LTR_ERVK",311.899224806202
"512","LTR22B2#LTR_ERVK",21.2790697674419
"513","LTR22C#LTR_ERVK",194.147286821705
"514","LTR22C0#LTR_ERVK",377.984496124031
"515","LTR22C2#LTR_ERVK",322.286821705426
"516","LTR22E#LTR_ERVK",836.124031007752
"517","LTR23-int#LTR_ERV1",521.550387596899
"518","LTR23#LTR_ERV1",1422.13178294574
"519","LTR24#LTR_ERV1",1229.37984496124
"520","LTR24B#LTR_ERV1",2387.36434108527
"521","LTR24C#LTR_ERV1",717.596899224806
"522","LTR25-int#LTR_ERV1",3069.06976744186
"523","LTR25#LTR_ERV1",1114.03100775194
"524","LTR26#LTR_ERV1",877.906976744186
"525","LTR26B#LTR_ERV1",272.713178294574
"526","LTR26C#LTR_ERV1",591.240310077519
"527","LTR26D#LTR_ERV1",373.217054263566
"528","LTR26E#LTR_ERV1",258.062015503876
"529","LTR27#LTR_ERV1",1060.54263565891
"530","LTR2752#LTR_ERV1",1068.56589147287
"531","LTR27B#LTR_ERV1",577.596899224806
"532","LTR27C#LTR_ERV1",374.341085271318
"533","LTR27D#LTR_ERV1",679.573643410853
"534","LTR27E#LTR_ERV1",926.976744186047
"535","LTR28#LTR_ERV1",441.666666666667
"536","LTR28B#LTR_ERV1",1787.71317829457
"537","LTR28C#LTR_ERV1",1534.3023255814
"538","LTR29#LTR_ERV1",1544.61240310078
"539","LTR2B#LTR_ERV1",1332.17054263566
"540","LTR2C#LTR_ERV1",1365.07751937984
"541","LTR3#LTR_ERVK",526.705426356589
"542","LTR30#LTR_ERV1",969.457364341085
"543","LTR31#LTR_ERV1",630.31007751938
"544","LTR32#LTR_ERVL",1798.02325581395
"545","LTR33#LTR_ERVL",18095.6201550388
"546","LTR33A_v#LTR_ERVL",3200.15503875969
"547","LTR33A#LTR_ERVL",4278.25581395349
"548","LTR33B#LTR_ERVL",3520.6976744186
"549","LTR33C#LTR_ERVL",1884.57364341085
"550","LTR34#LTR_ERV1",685.813953488372
"551","LTR35#LTR_ERV1",852.441860465116
"552","LTR35A#LTR_ERV1",447.751937984496
"553","LTR35B#LTR_ERV1",745.93023255814
"554","LTR36#LTR_ERV1",646.666666666667
"555","LTR37-int#LTR_ERV1",7141.82170542636
"556","LTR37A#LTR_ERV1",5397.01550387597
"557","LTR37B#LTR_ERV1",5775.50387596899
"558","LTR38-int#LTR_ERV1",57.0542635658915
"559","LTR38#LTR_ERV1",534.728682170543
"560","LTR38A1#LTR_ERV1",286.937984496124
"561","LTR38B#LTR_ERV1",442.131782945736
"562","LTR38C#LTR_ERV1",263.294573643411
"563","LTR39-int#LTR_ERV1",1479.84496124031
"564","LTR39#LTR_ERV1",3156.5503875969
"565","LTR3A#LTR_ERVK",1054.88372093023
"566","LTR3B_v#LTR_ERVK",378.410852713178
"567","LTR3B#LTR_ERVK",652.674418604651
"568","LTR4#LTR_ERV1",1047.63565891473
"569","LTR40a#LTR_ERVL",4135.42635658915
"570","LTR40A1#LTR_ERVL",657.364341085271
"571","LTR40b#LTR_ERVL",2094.92248062016
"572","LTR40c#LTR_ERVL",1474.96124031008
"573","LTR41#LTR_ERVL",1991.62790697674
"574","LTR41B#LTR_ERVL",1565.81395348837
"575","LTR41C#LTR_ERVL",2015.58139534884
"576","LTR42#LTR_ERVL",414.84496124031
"577","LTR43-int#LTR_ERV1",320.891472868217
"578","LTR43#LTR_ERV1",1107.2480620155
"579","LTR43B#LTR_ERV1",338.488372093023
"580","LTR44#LTR_ERV1",253.062015503876
"581","LTR45#LTR_ERV1",233.682170542636
"582","LTR45B#LTR_ERV1",802.325581395349
"583","LTR45C#LTR_ERV1",758.178294573643
"584","LTR46-int#LTR_ERV1",352.131782945736
"585","LTR46#LTR_ERV1",829.263565891473
"586","LTR47A#LTR_ERVL",821.666666666667
"587","LTR47A2#LTR_ERVL",309.147286821705
"588","LTR47B#LTR_ERVL",31.5503875968992
"589","LTR47B2#LTR_ERVL",299.883720930233
"590","LTR47B3#LTR_ERVL",368.178294573643
"591","LTR47B4#LTR_ERVL",529.806201550388
"592","LTR48#LTR_ERV1",2440.38759689922
"593","LTR48B#LTR_ERV1",2222.17054263566
"594","LTR49-int#LTR_ERV1",6156.00775193798
"595","LTR49#LTR_ERV1",5044.84496124031
"596","LTR5_Hs#LTR_ERVK",486.007751937984
"597","LTR5#LTR_ERVK",674.22480620155
"598","LTR50#LTR_ERVL",6228.56589147287
"599","LTR51#LTR_ERV1",1110.77519379845
"600","LTR52-int#LTR_ERVL",684.186046511628
"601","LTR52#LTR_ERVL",2628.56589147287
"602","LTR53-int#LTR_ERVL",1223.87596899225
"603","LTR53#LTR_ERVL",1484.45736434109
"604","LTR53B#LTR_ERVL",596.550387596899
"605","LTR54#LTR_ERV1",1565.81395348837
"606","LTR54B#LTR_ERV1",1390.27131782946
"607","LTR55#LTR_ERVL",630.387596899225
"608","LTR56#LTR_ERV1",1628.06201550388
"609","LTR57-int#LTR_ERVL",1457.71317829457
"610","LTR57#LTR_ERVL",786.937984496124
"611","LTR58#LTR_ERV1",356.666666666667
"612","LTR59#LTR_ERV1",300.271317829457
"613","LTR5A#LTR_ERVK",1591.97674418605
"614","LTR5B#LTR_ERVK",1834.45736434109
"615","LTR60#LTR_ERV1",2.5968992248062
"616","LTR60B#LTR_ERV1",327.015503875969
"617","LTR61#LTR_ERV1",1620.85271317829
"618","LTR62#LTR_ERVL",877.751937984496
"619","LTR64#LTR_ERV1",596.744186046512
"620","LTR65#LTR_ERV1",1155.6976744186
"621","LTR66#LTR_ERVL",1057.44186046512
"622","LTR67B#LTR_ERVL",6745.23255813953
"623","LTR68#LTR_ERV1",732.093023255814
"624","LTR69#LTR_ERVL",333.255813953488
"625","LTR6A#LTR_ERV1",1424.22480620155
"626","LTR6B#LTR_ERV1",573.488372093023
"627","LTR7#LTR_ERV1",11999.2635658915
"628","LTR70#LTR_ERV1",2016.08527131783
"629","LTR71A#LTR_ERV1",1560.85271317829
"630","LTR71B#LTR_ERV1",829.341085271318
"631","LTR72#LTR_ERV1",205
"632","LTR72B#LTR_ERV1",388.449612403101
"633","LTR73#LTR_ERV1",298.643410852713
"634","LTR75_1#LTR_ERV1",341.899224806202
"635","LTR75#LTR_ERVL",411.046511627907
"636","LTR75B#LTR_ERVL",197.868217054264
"637","LTR76#LTR_ERV1",331.976744186047
"638","LTR77#LTR_ERV1",396.201550387597
"639","LTR78#LTR_ERV1",19977.015503876
"640","LTR78B#LTR_ERV1",15092.984496124
"641","LTR79#LTR_ERVL",9339.88372093023
"642","LTR7B#LTR_ERV1",2991.08527131783
"643","LTR7C#LTR_ERV1",1982.17054263566
"644","LTR7Y#LTR_ERV1",819.53488372093
"645","LTR8#LTR_ERV1",9144.03100775194
"646","LTR80A#LTR_ERVL",1077.86821705426
"647","LTR80B#LTR_ERVL",1365.31007751938
"648","LTR81#LTR_Gypsy",1168.06201550388
"649","LTR81A#LTR_Gypsy",3714.6511627907
"650","LTR81AB#LTR_Gypsy",984.031007751938
"651","LTR81B#LTR_Gypsy",5777.13178294574
"652","LTR81C#LTR_Gypsy",2855.31007751938
"653","LTR82A#LTR_ERVL",3630.73643410853
"654","LTR82B#LTR_ERVL",3821.51162790698
"655","LTR83#LTR_ERVL",1898.41085271318
"656","LTR84a#LTR_ERVL",1661.97674418605
"657","LTR84b#LTR_ERVL",2822.98449612403
"658","LTR85a#LTR_Gypsy",5062.28682170543
"659","LTR85b#LTR_Gypsy",3873.95348837209
"660","LTR85c#LTR_Gypsy",3840.77519379845
"661","LTR86A1#LTR_ERVL",1274.06976744186
"662","LTR86A2#LTR_ERVL",738.410852713178
"663","LTR86B1#LTR_ERVL",471.976744186047
"664","LTR86B2#LTR_ERVL",437.868217054264
"665","LTR86C#LTR_ERVL",568.488372093023
"666","LTR87#LTR_ERVL",1423.68217054264
"667","LTR88a#LTR_Gypsy",2727.17054263566
"668","LTR88b#LTR_Gypsy",5006.16279069767
"669","LTR88c#LTR_Gypsy",4094.96124031008
"670","LTR89#LTR_ERVL",3965.03875968992
"671","LTR89B#LTR_ERVL",2244.96124031008
"672","LTR8A#LTR_ERV1",4036.97674418605
"673","LTR8B#LTR_ERV1",4044.18604651163
"674","LTR9#LTR_ERV1",2420.19379844961
"675","LTR90A#LTR",2119.34108527132
"676","LTR90B#LTR",1908.4496124031
"677","LTR91#LTR",5433.52713178295
"678","LTR91A#LTR",11076.5891472868
"679","LTR9A1#LTR_ERV1",558.914728682171
"680","LTR9B#LTR_ERV1",2801.74418604651
"681","LTR9C#LTR_ERV1",795.968992248062
"682","LTR9D#LTR_ERV1",1801.93798449612
"683","MADE1#DNA_TcMar-Mariner",1424.72868217054
"684","MADE2#DNA_TcMar-Mariner",883.720930232558
"685","Mam_R4#LINE_Dong-R4",10282.8682170543
"686","MamGyp-int#LTR_Gypsy",8699.6511627907
"687","MamGypLTR1a#LTR_Gypsy",2614.18604651163
"688","MamGypLTR1b#LTR_Gypsy",4304.06976744186
"689","MamGypLTR1c#LTR_Gypsy",3691.2015503876
"690","MamGypLTR1d#LTR_Gypsy",2473.25581395349
"691","MamGypLTR2b#LTR_Gypsy",3619.18604651163
"692","MamGypLTR2c#LTR_Gypsy",3972.55813953488
"693","MamGypLTR3#LTR_Gypsy",2289.14728682171
"694","MamGypLTR3a#LTR_Gypsy",4582.44186046512
"695","MamGypLTR4#LTR_Gypsy",1909.84496124031
"696","MamGypsy2-I#LTR_Gypsy",18660.3100775194
"697","MamGypsy2-LTR#LTR_Gypsy",2588.99224806202
"698","MamRep1151#LTR",3369.61240310078
"699","MamRep137#DNA_TcMar-Tigger",6151.8992248062
"700","MamRep1527#LTR",4074.49612403101
"701","MamRep1879#DNA_hAT-Tip100",1606.16279069767
"702","MamRep1894#DNA_hAT-Tip100",294.53488372093
"703","MamRep38#DNA_hAT",14.3798449612403
"704","MamRep38#DNA_hAT-Tip100",3068.60465116279
"705","MamRep4096#DNA_hAT-Tip100",2512.17054263566
"706","MamRep434#DNA_TcMar-Tigger",6516.58914728682
"707","MamRep488#DNA_hAT-Tip100",610.387596899225
"708","MamRep605#LTR",12773.6046511628
"709","MamRep605b#LTR",8972.05426356589
"710","MamRTE1#LINE_RTE-BovB",104391.395348837
"711","MamRTE2#LINE_RTE-BovB",179.263565891473
"712","MamSINE1#SINE_tRNA-RTE",8251.70542635659
"713","MamTip1#DNA_hAT-Tip100",1142.48062015504
"714","MamTip1b#DNA_hAT-Tip100",578.488372093023
"715","MamTip2#DNA_hAT-Tip100",8513.37209302326
"716","MamTip2b#DNA_hAT-Tip100",15089.2635658915
"717","MamTip3#DNA_hAT-Tip100",2587.63565891473
"718","MamTip3B#DNA_hAT-Tip100",2588.75968992248
"719","MARE10#DNA_TcMar-Tigger",319.961240310078
"720","MARE4#DNA_hAT-Tip100",420.852713178295
"721","MARE6#LINE_L1-Tx1",1232.71317829457
"722","MARE8#DNA",390.271317829457
"723","MARNA#DNA_TcMar-Mariner",10767.0542635659
"724","MER101-int#LTR_ERV1",4392.90697674419
"725","MER101#LTR_ERV1",1230.85271317829
"726","MER101B#LTR_ERV1",712.364341085271
"727","MER102a#DNA_hAT-Charlie",5948.37209302326
"728","MER102b#DNA_hAT-Charlie",5537.05426356589
"729","MER102c#DNA_hAT-Charlie",5638.64341085271
"730","MER103C#DNA_hAT-Charlie",15201.511627907
"731","MER104#DNA_TcMar-Tc2",1877.48062015504
"732","MER105#DNA_hAT-Charlie",675.387596899225
"733","MER106A#DNA_hAT-Charlie",654.37984496124
"734","MER106B#DNA_hAT-Charlie",3784.34108527132
"735","MER107#DNA_hAT-Charlie",171.550387596899
"736","MER110-int#LTR_ERV1",3804.3023255814
"737","MER110#LTR_ERV1",2358.91472868217
"738","MER110A#LTR_ERV1",2225.96899224806
"739","MER112#DNA_hAT-Charlie",5891.00775193798
"740","MER113#DNA_hAT-Charlie",8492.32558139535
"741","MER113A#DNA_hAT-Charlie",3127.98449612403
"742","MER115#DNA_hAT-Tip100",7352.09302325581
"743","MER117#DNA_hAT-Charlie",4712.82945736434
"744","MER119#DNA_hAT-Charlie",2698.06201550388
"745","MER11A#LTR_ERVK",2270.6976744186
"746","MER11B#LTR_ERVK",203.798449612403
"747","MER11C#LTR_ERVK",3816.24031007752
"748","MER11D#LTR_ERVK",1238.25581395349
"749","MER121#DNA_hAT",2892.86821705426
"750","MER121B#DNA_hAT",229.302325581395
"751","MER123#DNA",98.2558139534884
"752","MER124#DNA",2203.4496124031
"753","MER124#DNA?",42.8294573643411
"754","MER125#DNA_Merlin",268.217054263566
"755","MER126#DNA",1035.3488372093
"756","MER127#DNA_TcMar-Tigger",638.992248062016
"757","MER129#LTR",609.457364341085
"758","MER130#DNA",1944.03100775194
"759","MER131#DNA",1839.41860465116
"760","MER131#DNA?",4.96124031007752
"761","MER132#DNA_TcMar-Pogo",60.6201550387597
"762","MER133A#DNA_PIF-Harbinger",41.2403100775194
"763","MER133B#DNA_PIF-Harbinger",24.8449612403101
"764","MER134#DNA_Crypton",378.178294573643
"765","MER135#DNA",1301.47286821705
"766","MER136#DNA_Merlin",25.8914728682171
"767","MER1A#DNA_hAT-Charlie",4201.43410852713
"768","MER1B#DNA_hAT-Charlie",4971.74418604651
"769","MER2#DNA_TcMar-Tigger",9715.38759689923
"770","MER20#DNA_hAT-Charlie",18044.6511627907
"771","MER20B#DNA_hAT-Charlie",12601.7441860465
"772","MER21-int#LTR_ERVL",5902.79069767442
"773","MER21A#LTR_ERVL",4779.22480620155
"774","MER21B#LTR_ERVL",8079.10852713178
"775","MER21C#LTR_ERVL",18501.2015503876
"776","MER2B#DNA_TcMar-Tigger",1591.51162790698
"777","MER3#DNA_hAT-Charlie",10011.8217054264
"778","MER30#DNA_hAT-Charlie",2008.91472868217
"779","MER30B#DNA_hAT-Charlie",206.395348837209
"780","MER31-int#LTR_ERV1",3296.66666666667
"781","MER31A#LTR_ERV1",3518.48837209302
"782","MER31B#LTR_ERV1",3667.13178294574
"783","MER33#DNA_hAT-Charlie",12218.5271317829
"784","MER34-int#LTR_ERV1",3134.34108527132
"785","MER34#LTR_ERV1",2524.88372093023
"786","MER34A#LTR_ERV1",3809.76744186047
"787","MER34A1#LTR_ERV1",1868.68217054264
"788","MER34B-int#LTR_ERV1",3469.57364341085
"789","MER34B#LTR_ERV1",1789.92248062016
"790","MER34C_v#LTR_ERV1",1318.37209302326
"791","MER34C#LTR_ERV1",293.023255813953
"792","MER34C2#LTR_ERV1",1484.88372093023
"793","MER34D#LTR_ERV1",478.139534883721
"794","MER39#LTR_ERV1",7663.68217054264
"795","MER39B#LTR_ERV1",2926.82170542636
"796","MER4-int#LTR_ERV1",16888.2558139535
"797","MER41-int#LTR_ERV1",3790.46511627907
"798","MER41A#LTR_ERV1",6904.26356589147
"799","MER41B#LTR_ERV1",7197.44186046512
"800","MER41C#LTR_ERV1",3182.05426356589
"801","MER41D#LTR_ERV1",611.395348837209
"802","MER41E#LTR_ERV1",1108.29457364341
"803","MER41G#LTR_ERV1",175.503875968992
"804","MER44A#DNA_TcMar-Tigger",2532.36434108527
"805","MER44B#DNA_TcMar-Tigger",2839.14728682171
"806","MER44C#DNA_TcMar-Tigger",1648.02325581395
"807","MER44D#DNA_TcMar-Tigger",970.968992248062
"808","MER45A#DNA_hAT-Tip100",3319.57364341085
"809","MER45B#DNA_hAT-Tip100",4355.3488372093
"810","MER45C#DNA_hAT-Tip100",4613.87596899225
"811","MER45R#DNA_hAT-Tip100",2391.82170542636
"812","MER46C#DNA_TcMar-Tigger",4946.66666666667
"813","MER47A#DNA_TcMar-Tigger",3091.04651162791
"814","MER47B#DNA_TcMar-Tigger",1129.61240310078
"815","MER47C#DNA_TcMar-Tigger",116.279069767442
"816","MER48#LTR_ERV1",1473.72093023256
"817","MER49#LTR_ERV1",3119.49612403101
"818","MER4A#LTR_ERV1",2103.87596899225
"819","MER4A1_v#LTR_ERV1",754.68992248062
"820","MER4A1#LTR_ERV1",7491.74418604651
"821","MER4B-int#LTR_ERV1",5601.08527131783
"822","MER4B#LTR_ERV1",3416.12403100775
"823","MER4C#LTR_ERV1",1823.17829457364
"824","MER4CL34#LTR_ERV1",1991.27906976744
"825","MER4D#LTR_ERV1",2936.51162790698
"826","MER4D0#LTR_ERV1",1097.67441860465
"827","MER4D1#LTR_ERV1",4652.2480620155
"828","MER4E#LTR_ERV1",1804.88372093023
"829","MER4E1#LTR_ERV1",2337.98449612403
"830","MER50-int#LTR_ERV1",2996.86046511628
"831","MER50#LTR_ERV1",9996.58914728682
"832","MER50B#LTR_ERV1",1418.41085271318
"833","MER50C#LTR_ERV1",385.348837209302
"834","MER51-int#LTR_ERV1",1840.46511627907
"835","MER51A#LTR_ERV1",2667.28682170543
"836","MER51B#LTR_ERV1",2075.58139534884
"837","MER51C#LTR_ERV1",658.255813953488
"838","MER51D#LTR_ERV1",240.348837209302
"839","MER51E#LTR_ERV1",539.457364341085
"840","MER52-int#LTR_ERV1",4331.00775193798
"841","MER52A#LTR_ERV1",7608.83720930233
"842","MER52C#LTR_ERV1",983.682170542636
"843","MER52D#LTR_ERV1",5493.7984496124
"844","MER53#DNA_hAT",145.31007751938
"845","MER53#DNA_hAT-Blackjack",4970.6976744186
"846","MER54A#LTR_ERVL",2447.01550387597
"847","MER54B#LTR_ERVL",1146.27906976744
"848","MER57-int#LTR_ERV1",3541.93798449612
"849","MER57A-int#LTR_ERV1",9823.99224806202
"850","MER57A1#LTR_ERV1",3860.23255813953
"851","MER57B1#LTR_ERV1",2595.81395348837
"852","MER57B2#LTR_ERV1",4524.22480620155
"853","MER57C1#LTR_ERV1",850.891472868217
"854","MER57C2#LTR_ERV1",2475.31007751938
"855","MER57D#LTR_ERV1",950.116279069767
"856","MER57E1#LTR_ERV1",945.387596899225
"857","MER57E2#LTR_ERV1",79.7286821705426
"858","MER57E3#LTR_ERV1",924.37984496124
"859","MER57F#LTR_ERV1",818.527131782946
"860","MER58A#DNA_hAT-Charlie",12488.4496124031
"861","MER58B#DNA_hAT-Charlie",9970.31007751938
"862","MER58C#DNA_hAT-Charlie",2066.51162790698
"863","MER58D#DNA_hAT-Charlie",1118.99224806202
"864","MER5A#DNA_hAT-Charlie",34629.6124031008
"865","MER5A1#DNA_hAT-Charlie",13011.5891472868
"866","MER5B#DNA_hAT-Charlie",23273.5271317829
"867","MER5C#DNA_hAT-Charlie",1747.98449612403
"868","MER5C1#DNA_hAT-Charlie",550.15503875969
"869","MER6#DNA_TcMar-Tigger",2218.60465116279
"870","MER61-int#LTR_ERV1",2021.51162790698
"871","MER61A#LTR_ERV1",4060.23255813953
"872","MER61B#LTR_ERV1",2299.14728682171
"873","MER61C#LTR_ERV1",1204.61240310078
"874","MER61D#LTR_ERV1",2000.3488372093
"875","MER61E#LTR_ERV1",396.860465116279
"876","MER61F#LTR_ERV1",1230.31007751938
"877","MER63A#DNA_hAT-Blackjack",22.2480620155039
"878","MER63A#DNA_hAT-Tip100",3503.68217054264
"879","MER63B#DNA_hAT-Blackjack",269.186046511628
"880","MER63B#DNA_hAT-Tip100",3348.41085271318
"881","MER63C#DNA_hAT-Blackjack",440.93023255814
"882","MER63C#DNA_hAT-Tip100",2641.35658914729
"883","MER63D#DNA_hAT-Blackjack",303.294573643411
"884","MER63D#DNA_hAT-Tip100",3687.51937984496
"885","MER65-int#LTR_ERV1",2553.99224806202
"886","MER65A#LTR_ERV1",5423.21705426357
"887","MER65B#LTR_ERV1",460.271317829457
"888","MER65C#LTR_ERV1",1575.50387596899
"889","MER65D#LTR_ERV1",691.395348837209
"890","MER66-int#LTR_ERV1",2903.1007751938
"891","MER66A#LTR_ERV1",1128.25581395349
"892","MER66B#LTR_ERV1",2448.33333333333
"893","MER66C#LTR_ERV1",1268.48837209302
"894","MER66D#LTR_ERV1",669.263565891473
"895","MER67A#LTR_ERV1",1114.88372093023
"896","MER67B#LTR_ERV1",944.53488372093
"897","MER67C#LTR_ERV1",4087.05426356589
"898","MER67D#LTR_ERV1",2385.27131782946
"899","MER68-int#LTR_ERVL",1307.01550387597
"900","MER68#LTR_ERVL",3283.7984496124
"901","MER68B#LTR_ERVL",909.147286821705
"902","MER68C#LTR_ERVL",231.550387596899
"903","MER6A#DNA_TcMar-Tigger",2144.14728682171
"904","MER6B#DNA_TcMar-Tigger",421.240310077519
"905","MER6C#DNA_TcMar-Tigger",89.3023255813954
"906","MER70-int#LTR_ERVL",1151.93798449612
"907","MER70A#LTR_ERVL",1170.62015503876
"908","MER70B#LTR_ERVL",1311.97674418605
"909","MER70C#LTR_ERVL",786.240310077519
"910","MER72#LTR_ERV1",1807.94573643411
"911","MER72B#LTR_ERV1",414.147286821705
"912","MER73#LTR_ERVL",515.46511627907
"913","MER74A#LTR_ERVL",3597.59689922481
"914","MER74B#LTR_ERVL",2479.72868217054
"915","MER74C#LTR_ERVL",1050.19379844961
"916","MER75#DNA_PiggyBac",469.37984496124
"917","MER75A#DNA_PiggyBac",8.10077519379845
"918","MER75B#DNA_PiggyBac",43.5658914728682
"919","MER76-int#LTR_ERVL",606.124031007752
"920","MER76#LTR_ERVL",1952.36434108527
"921","MER77#LTR_ERVL",2731.58914728682
"922","MER77B#LTR_ERVL",3875.19379844961
"923","MER8#DNA_TcMar-Tigger",1671.82170542636
"924","MER81#DNA_hAT-Blackjack",1661.97674418605
"925","MER83#LTR_ERV1",727.248062015504
"926","MER83A-int#LTR_ERV1",77.0542635658915
"927","MER83B-int#LTR_ERV1",1145.11627906977
"928","MER83B#LTR_ERV1",167.713178294574
"929","MER83C#LTR_ERV1",628.217054263566
"930","MER84-int#LTR_ERV1",170.15503875969
"931","MER84#LTR_ERV1",1036.66666666667
"932","MER85#DNA_PiggyBac",255.232558139535
"933","MER87#LTR_ERV1",307.751937984496
"934","MER87B#LTR_ERV1",368.720930232558
"935","MER88#LTR_ERVL",146.511627906977
"936","MER89-int#LTR_ERV1",7163.48837209302
"937","MER89#LTR_ERV1",5414.92248062015
"938","MER90#LTR_ERV1",2164.80620155039
"939","MER90a#LTR_ERV1",1888.99224806202
"940","MER91A#DNA_hAT-Tip100",3745.6976744186
"941","MER91B#DNA_hAT-Tip100",2504.06976744186
"942","MER91C#DNA_hAT-Tip100",1380.27131782946
"943","MER92-int#LTR_ERV1",4656.66666666667
"944","MER92A#LTR_ERV1",388.488372093023
"945","MER92B#LTR_ERV1",2347.17054263566
"946","MER92C#LTR_ERV1",383.527131782946
"947","MER92D#LTR_ERV1",998.992248062016
"948","MER94#DNA_hAT-Blackjack",2989.96124031008
"949","MER94B#DNA_hAT-Blackjack",543.372093023256
"950","MER95#LTR_ERV1",149.883720930233
"951","MER96#DNA_hAT-Tip100",814.767441860465
"952","MER96B#DNA_hAT-Tip100",3995.93023255814
"953","MER97a#DNA_hAT-Tip100",892.635658914729
"954","MER97b#DNA_hAT-Tip100",871.472868217054
"955","MER97c#DNA_hAT-Tip100",335.581395348837
"956","MER97d#DNA_hAT-Tip100",76.3178294573643
"957","MER99#DNA_hAT",739.68992248062
"958","MER99#DNA_hAT?",359.806201550388
"959","MER9a1#LTR_ERVK",1201.78294573643
"960","MER9a2#LTR_ERVK",1087.51937984496
"961","MER9a3#LTR_ERVK",2834.6511627907
"962","MER9B#LTR_ERVK",185.736434108527
"963","Merlin1_HS#DNA_Merlin",116.472868217054
"964","MERX#DNA_TcMar-Tigger",1214.88372093023
"965","MIR#SINE_MIR",234818.953488372
"966","MIR1_Amn#SINE_MIR",23130.1937984496
"967","MIR3#SINE_MIR",121128.023255814
"968","MIRb#SINE_MIR",357437.751937984
"969","MIRc#SINE_MIR",149896.937984496
"970","MLT-int#LTR_ERVL-MaLR",1334.22480620155
"971","MLT1-int#LTR_ERVL-MaLR",649.612403100775
"972","MLT1A#LTR_ERVL-MaLR",18604.1085271318
"973","MLT1A0#LTR_ERVL-MaLR",28666.6666666667
"974","MLT1A1#LTR_ERVL-MaLR",10188.8759689922
"975","MLT1B#LTR_ERVL-MaLR",25426.8217054264
"976","MLT1C#LTR_ERVL-MaLR",11743.023255814
"977","MLT1C2#LTR_ERVL-MaLR",35859.5348837209
"978","MLT1D#LTR_ERVL-MaLR",37673.8372093023
"979","MLT1E#LTR_ERVL-MaLR",1830.54263565891
"980","MLT1E1#LTR_ERVL-MaLR",2207.71317829457
"981","MLT1E1A#LTR_ERVL-MaLR",8062.36434108527
"982","MLT1E2#LTR_ERVL-MaLR",9565.3488372093
"983","MLT1E3#LTR_ERVL-MaLR",3911.04651162791
"984","MLT1F-int#LTR_ERVL-MaLR",460.62015503876
"985","MLT1F#LTR_ERVL-MaLR",9775.38759689923
"986","MLT1F1#LTR_ERVL-MaLR",6749.14728682171
"987","MLT1F2#LTR_ERVL-MaLR",12631.4341085271
"988","MLT1G#LTR_ERVL-MaLR",7795.81395348837
"989","MLT1G1#LTR_ERVL-MaLR",8271.5503875969
"990","MLT1G3#LTR_ERVL-MaLR",7240.19379844961
"991","MLT1H-int#LTR_ERVL-MaLR",732.790697674419
"992","MLT1H#LTR_ERVL-MaLR",23090.5426356589
"993","MLT1H1#LTR_ERVL-MaLR",9190.54263565891
"994","MLT1H2#LTR_ERVL-MaLR",11133.2170542636
"995","MLT1I#LTR_ERVL-MaLR",23426.2015503876
"996","MLT1J-int#LTR_ERVL-MaLR",3713.64341085271
"997","MLT1J#LTR_ERVL-MaLR",33795.8914728682
"998","MLT1J1#LTR_ERVL-MaLR",11152.0542635659
"999","MLT1J2#LTR_ERVL-MaLR",16315.6976744186
"1000","MLT1K#LTR_ERVL-MaLR",48123.3720930233
"1001","MLT1L#LTR_ERVL-MaLR",29012.0542635659
"1002","MLT1M#LTR_ERVL-MaLR",6880.11627906977
"1003","MLT1N2#LTR_ERVL-MaLR",13307.4031007752
"1004","MLT1O#LTR_ERVL-MaLR",11569.6511627907
"1005","MLT2A1#LTR_ERVL",15369.8062015504
"1006","MLT2A2#LTR_ERVL",3424.92248062016
"1007","MLT2B1#LTR_ERVL",11253.8372093023
"1008","MLT2B2#LTR_ERVL",7382.13178294574
"1009","MLT2B3#LTR_ERVL",7015.31007751938
"1010","MLT2B4#LTR_ERVL",8864.80620155039
"1011","MLT2B5#LTR_ERVL",1560.27131782946
"1012","MLT2C1#LTR_ERVL",3988.52713178295
"1013","MLT2C2#LTR_ERVL",2228.41085271318
"1014","MLT2D#LTR_ERVL",7450.89147286822
"1015","MLT2E#LTR_ERVL",995.426356589147
"1016","MLT2F#LTR_ERVL",4823.75968992248
"1017","MSR1#Satellite",1041.62790697674
"1018","MST-int#LTR_ERVL-MaLR",996.937984496124
"1019","MSTA#LTR_ERVL-MaLR",34024.6899224806
"1020","MSTA1#LTR_ERVL-MaLR",1159.18604651163
"1021","MSTB#LTR_ERVL-MaLR",15087.8294573643
"1022","MSTB1#LTR_ERVL-MaLR",5455.6976744186
"1023","MSTB2#LTR_ERVL-MaLR",2197.98449612403
"1024","MSTC#LTR_ERVL-MaLR",3984.22480620155
"1025","MSTD#LTR_ERVL-MaLR",14306.7829457364
"1026","OldhAT1#DNA_hAT-Ac",37214.2635658915
"1027","ORSL-2a#DNA_hAT-Tip100",785.116279069767
"1028","ORSL-2b#DNA_hAT-Tip100",1523.17829457364
"1029","ORSL#DNA_hAT-Tip100",1562.63565891473
"1030","PABL_A-int#LTR_ERV1",876.705426356589
"1031","PABL_A#LTR_ERV1",1589.26356589147
"1032","PABL_B-int#LTR_ERV1",2767.67441860465
"1033","PABL_B#LTR_ERV1",707.286821705426
"1034","Penelope1_Vert#LINE_Penelope",6316.27906976744
"1035","Plat_L3#LINE_CR1",42868.5658914729
"1036","PRIMA4_LTR#LTR_ERV1",1443.7984496124
"1037","PRIMA4-int#LTR_ERV1",9425.77519379845
"1038","PRIMA41-int#LTR_ERV1",7151.70542635659
"1039","PRIMAX-int#LTR_ERV1",717.093023255814
"1040","PrimLTR79#LTR_ERV1",342.325581395349
"1041","Ricksha_0#DNA_MULE-MuDR",1190.73643410853
"1042","Ricksha_a#DNA_MULE-MuDR",122.441860465116
"1043","Ricksha_b#DNA_MULE-MuDR",131.472868217054
"1044","Ricksha_c#DNA_MULE-MuDR",5237.17054263566
"1045","Ricksha#DNA_MULE-MuDR",4032.79069767442
"1046","SAR#Satellite",413792.558139535
"1047","SAT_rnd-1_family-0#Satellite",2788.99224806202
"1048","SAT-VAR_rnd-1_family-9#Satellite",6201.08527131783
"1049","SAT-VAR_rnd-6_family-1431#Satellite",1973.64341085271
"1050","SAT-VAR_rnd-6_family-1442#Satellite",2.94573643410853
"1051","SAT-VAR_rnd-6_family-1509#Satellite",905.77519379845
"1052","SAT-VAR_rnd-6_family-3554#Satellite",2626.58914728682
"1053","SAT-VAR_rnd-6_family-4384#Satellite",871.627906976744
"1054","SATR1#Satellite",10878.5271317829
"1055","SATR2#Satellite",5779.26356589147
"1056","SST1#Satellite_centr",27518.3333333333
"1057","SSU-rRNA_Hsa#rRNA",424.147286821705
"1058","SVA_A#Retroposon_SVA",8855.6976744186
"1059","SVA_B#Retroposon_SVA",1895.23255813953
"1060","SVA_C#Retroposon_SVA",533.217054263566
"1061","SVA_D#Retroposon_SVA",1349.6511627907
"1062","SVA_E#Retroposon_SVA",2889.61240310078
"1063","SVA_F#Retroposon_SVA",1054.57364341085
"1064","TAR1#Satellite_subtelo",641.395348837209
"1065","THE1-int#LTR_ERVL-MaLR",629.922480620155
"1066","THE1A#LTR_ERVL-MaLR",6055.93023255814
"1067","THE1B#LTR_ERVL-MaLR",24062.3255813953
"1068","THE1C#LTR_ERVL-MaLR",13540.8914728682
"1069","THE1D-int#LTR_ERVL-MaLR",498.914728682171
"1070","THE1D#LTR_ERVL-MaLR",18126.3178294574
"1071","Tigger1#DNA_TcMar-Tigger",93918.992248062
"1072","Tigger10#DNA_TcMar-Tigger",13095.3488372093
"1073","Tigger11a#DNA_TcMar-Tigger",920.581395348837
"1074","Tigger12#DNA_TcMar-Tigger",8493.99224806202
"1075","Tigger12A#DNA_TcMar-Tigger",2397.20930232558
"1076","Tigger12c#DNA_TcMar-Tigger",2860.62015503876
"1077","Tigger13a#DNA_TcMar-Tigger",10466.976744186
"1078","Tigger14a#DNA_TcMar-Tigger",2868.41085271318
"1079","Tigger15a#DNA_TcMar-Tigger",18261.9379844961
"1080","Tigger16a#DNA_TcMar-Tigger",8547.44186046512
"1081","Tigger16b#DNA_TcMar-Tigger",3089.96124031008
"1082","Tigger17#DNA_TcMar-Tigger",1827.17054263566
"1083","Tigger17a#DNA_TcMar-Tigger",5511.82170542636
"1084","Tigger17b#DNA_TcMar-Tigger",505.581395348837
"1085","Tigger17c#DNA_TcMar-Tigger",592.015503875969
"1086","Tigger17d#DNA_TcMar-Tigger",528.217054263566
"1087","Tigger18a#DNA_TcMar-Tigger",4630.81395348837
"1088","Tigger19a#DNA_TcMar-Tigger",8069.49612403101
"1089","Tigger19b#DNA_TcMar-Tigger",10765.1162790698
"1090","Tigger1a_Art#DNA_TcMar-Tigger",239.883720930233
"1091","Tigger1a_Mars#DNA_TcMar-Tigger",39.1085271317829
"1092","Tigger2#DNA_TcMar-Tigger",27325.5426356589
"1093","Tigger20a#DNA_TcMar-Tigger",5816.04651162791
"1094","Tigger21a#DNA_TcMar-Tigger",647.209302325581
"1095","Tigger22N1#DNA_TcMar-Tigger",7050.38759689922
"1096","Tigger23a#DNA_TcMar-Tigger",3149.45736434109
"1097","Tigger2a#DNA_TcMar-Tigger",4290.46511627907
"1098","Tigger2b_Pri#DNA_TcMar-Tigger",3886.70542635659
"1099","Tigger3#DNA_TcMar-Tigger",9030.38759689923
"1100","Tigger3a#DNA_TcMar-Tigger",5880.07751937984
"1101","Tigger3b#DNA_TcMar-Tigger",19680.1550387597
"1102","Tigger3c#DNA_TcMar-Tigger",2877.94573643411
"1103","Tigger3d#DNA_TcMar-Tigger",316.124031007752
"1104","Tigger4#DNA_TcMar-Tigger",14092.1317829457
"1105","Tigger4a#DNA_TcMar-Tigger",2349.88372093023
"1106","Tigger4b#DNA_TcMar-Tigger",2749.80620155039
"1107","Tigger5#DNA_TcMar-Tigger",4664.68992248062
"1108","Tigger5b#DNA_TcMar-Tigger",2421.51162790698
"1109","Tigger6#DNA_TcMar-Tigger",1313.25581395349
"1110","Tigger6a#DNA_TcMar-Tigger",2352.71317829457
"1111","Tigger6b#DNA_TcMar-Tigger",279.37984496124
"1112","Tigger7#DNA_TcMar-Tigger",26499.1085271318
"1113","Tigger8#DNA_TcMar-Tigger",3109.10852713178
"1114","Tigger9a#DNA_TcMar-Tigger",2888.33333333333
"1115","Tigger9b#DNA_TcMar-Tigger",1872.71317829457
"1116","tRNA-Ala-GCA#tRNA",2.05426356589147
"1117","tRNA-Ala-GCG#tRNA",5.38759689922481
"1118","tRNA-Ala-GCY_v#tRNA",3.56589147286822
"1119","tRNA-Ala-GCY#tRNA",0.465116279069767
"1120","tRNA-Arg-AGA#tRNA",12.6356589147287
"1121","tRNA-Arg-AGG#tRNA",2.28682170542636
"1122","tRNA-Arg-CGA#tRNA",1.70542635658915
"1123","tRNA-Arg-CGG#tRNA",0.232558139534884
"1124","tRNA-Arg-CGY#tRNA",4.03100775193798
"1125","tRNA-Asn-AAC#tRNA",4.14728682170543
"1126","tRNA-Asp-GAY#tRNA",11.9767441860465
"1127","tRNA-Cys-TGY#tRNA",39.5736434108527
"1128","tRNA-Gln-CAA_v#tRNA",22.3255813953488
"1129","tRNA-Gln-CAA#tRNA",9.30232558139535
"1130","tRNA-Gln-CAG#tRNA",19.6511627906977
"1131","tRNA-Glu-GAA#tRNA",3.44961240310078
"1132","tRNA-Glu-GAG_v#tRNA",15.8527131782946
"1133","tRNA-Gly-GGA#tRNA",29.922480620155
"1134","tRNA-Gly-GGG#tRNA",28.7596899224806
"1135","tRNA-Gly-GGY#tRNA",9.88372093023256
"1136","tRNA-His-CAY_#tRNA",5.77519379844961
"1137","tRNA-His-CAY#tRNA",14.2248062015504
"1138","tRNA-Ile-ATA#tRNA",10.0387596899225
"1139","tRNA-Ile-ATC#tRNA",4.03100775193798
"1140","tRNA-Ile-ATT#tRNA",5.89147286821705
"1141","tRNA-Leu-CTA_#tRNA",2.4031007751938
"1142","tRNA-Leu-CTY#tRNA",2.28682170542636
"1143","tRNA-Leu-TTA(m)#tRNA",24.8837209302326
"1144","tRNA-Leu-TTA#tRNA",2.48062015503876
"1145","tRNA-Leu-TTG#tRNA",6.89922480620155
"1146","tRNA-Lys-AAA#tRNA",4.03100775193798
"1147","tRNA-Lys-AAG#tRNA",12.7906976744186
"1148","tRNA-Met_v#tRNA",14.6511627906977
"1149","tRNA-Met-i#tRNA",0.891472868217054
"1150","tRNA-Met#tRNA",7.98449612403101
"1151","tRNA-Phe-TTY#tRNA",9.8062015503876
"1152","tRNA-Pro-CCY#tRNA",0.0387596899224806
"1153","tRNA-Ser-AGY#tRNA",2.36434108527132
"1154","tRNA-Ser-TCA(m)#tRNA",21.9767441860465
"1155","tRNA-Ser-TCG#tRNA",2.36434108527132
"1156","tRNA-Ser-TCY#tRNA",4.8062015503876
"1157","tRNA-Thr-ACA#tRNA",8.29457364341085
"1158","tRNA-Thr-ACG_#tRNA",2.51937984496124
"1159","tRNA-Thr-ACY_#tRNA",2.09302325581395
"1160","tRNA-Thr-ACY#tRNA",3.29457364341085
"1161","tRNA-Trp-TGG#tRNA",5.38759689922481
"1162","tRNA-Tyr-TAC#tRNA",8.06201550387597
"1163","tRNA-Val-GTA#tRNA",3.87596899224806
"1164","tRNA-Val-GTG#tRNA",5.93023255813953
"1165","tRNA-Val-GTY#tRNA",4.26356589147287
"1166","U1#snRNA",93.7209302325581
"1167","U13_#snRNA",100.581395348837
"1168","U13#snRNA",65.7751937984496
"1169","U14#snRNA",5.11627906976744
"1170","U17#snRNA",5.38759689922481
"1171","U2#snRNA",669.961240310078
"1172","U3#snRNA",122.054263565891
"1173","U4#snRNA",90.5426356589147
"1174","U5#snRNA",68.0232558139535
"1175","U6#snRNA",390.542635658915
"1176","U7#snRNA",34.031007751938
"1177","U8#snRNA",12.4031007751938
"1178","UCON100#DNA_hAT-hAT19",26.5503875968992
"1179","UCON103#LTR",113.488372093023
"1180","UCON105#DNA_hAT",1836.51162790698
"1181","UCON105#DNA_hAT?",66.6279069767442
"1182","UCON11#DNA_TcMar-Tigger",168.992248062016
"1183","UCON14#DNA",339.108527131783
"1184","UCON15#DNA_hAT-Ac",139.651162790698
"1185","UCON2#DNA",656.201550387597
"1186","UCON2#DNA?",44.3023255813954
"1187","UCON21#DNA",45.5038759689922
"1188","UCON23#DNA_hAT-Tip100",40.3488372093023
"1189","UCON26#DNA_hAT-Ac",642.054263565891
"1190","UCON29#DNA_Kolobok",1011.04651162791
"1191","UCON33#DNA_TcMar-Tigger",393.488372093023
"1192","UCON34#DNA_hAT-Charlie",570.93023255814
"1193","UCON35#DNA",207.558139534884
"1194","UCON37#DNA_hAT-Ac",263.720930232558
"1195","UCON38#DNA_hAT-Charlie",642.751937984496
"1196","UCON39#DNA_TcMar-Tigger",167.751937984496
"1197","UCON4#DNA_Kolobok",891.589147286822
"1198","UCON40#DNA_TcMar-Mariner",652.674418604651
"1199","UCON44#DNA_TcMar",77.2868217054263
"1200","UCON44#DNA_TcMar-Tigger",1107.32558139535
"1201","UCON51#LTR",66.8992248062015
"1202","UCON55#DNA_TcMar-Tigger",545
"1203","UCON58#DNA",371.201550387597
"1204","UCON59#DNA",93.4883720930233
"1205","UCON62#DNA_Crypton",23.1395348837209
"1206","UCON69#DNA_hAT",82.5968992248062
"1207","UCON7#DNA",360.15503875969
"1208","UCON73#DNA_hAT",309.496124031008
"1209","UCON78#DNA",729.651162790698
"1210","UCON8#DNA",1654.96124031008
"1211","UCON80#DNA_hAT-Blackjack",75.2713178294574
"1212","UCON81#DNA_hAT-Charlie",30.6976744186046
"1213","UCON83#DNA",84.6899224806202
"1214","UCON86#LINE_L2",581.279069767442
"1215","UCON89#DNA_hAT",108.294573643411
"1216","UCON9#DNA_PIF-Harbinger",1068.60465116279
"1217","UCON97#DNA",119.341085271318
"1218","UCON99#RC_Helitron",298.100775193798
"1219","UCON9B#DNA_PIF-Harbinger",624.612403100775
"1220","X1_DNA#DNA_TcMar-Tigger",2104.3023255814
"1221","X1_LINE#LINE_CR1",465.271317829457
"1222","X1_LR#LTR_Gypsy",5.42635658914729
"1223","X10b_DNA#DNA_TcMar-Tigger",344.573643410853
"1224","X11_DNA#DNA_TcMar-Tigger",800.813953488372
"1225","X12_DNA#DNA_TcMar-Tigger",3466.39534883721
"1226","X12_LINE#LINE_I-Jockey",347.790697674419
"1227","X13_LINE#LINE_L2",1320.65891472868
"1228","X15_LINE#LINE_L2",374.767441860465
"1229","X17_LINE#LINE_CR1",2139.18604651163
"1230","X2_LINE#LINE_CR1",2315.3488372093
"1231","X20_LINE#LINE_CR1",325.038759689922
"1232","X21_LINE#LINE_CR1",101.395348837209
"1233","X22_DNA#DNA_TcMar",15.3100775193798
"1234","X23_DNA#DNA",254.68992248062
"1235","X24_DNA#DNA",767.325581395349
"1236","X24_LINE#LINE_L2",1075.89147286822
"1237","X26_DNA#DNA_TcMar-Tigger",3738.99224806202
"1238","X2a_DNA#DNA",719.418604651163
"1239","X2b_DNA#DNA",332.054263565891
"1240","X30_DNA#DNA",1871.82170542636
"1241","X32_DNA#DNA_TcMar-Tc1",709.341085271318
"1242","X33a_DNA#DNA_TcMar-Tc1",183.372093023256
"1243","X34_DNA#DNA",177.480620155039
"1244","X4a_DNA#DNA_TcMar-Tigger",381.782945736434
"1245","X4b_DNA#DNA_TcMar",57.5581395348837
"1246","X4b_DNA#DNA_TcMar-Tigger",2531.8992248062
"1247","X5a_DNA#DNA_TcMar-Tigger",618.449612403101
"1248","X5B_LINE#LINE_CR1",86.5891472868217
"1249","X6a_DNA#DNA_TcMar-Tigger",2678.83720930233
"1250","X6A_LINE#LINE_CR1",5631.35658914729
"1251","X6b_DNA#DNA_TcMar-Tigger",1898.48837209302
"1252","X6B_LINE#LINE_CR1",3851.27906976744
"1253","X7A_LINE#LINE_CR1",1699.76744186047
"1254","X7B_LINE#LINE_CR1",1466.27906976744
"1255","X7C_LINE#LINE_CR1",784.22480620155
"1256","X7D_LINE#LINE_CR1",69.6124031007752
"1257","X8_LINE#LINE_CR1",467.984496124031
"1258","X9_LINE#LINE_L1",2224.3023255814
"1259","X9a_DNA#DNA",2108.48837209302
"1260","X9b_DNA#DNA_TcMar-Tigger",3531.27906976744
"1261","Zaphod#DNA_hAT-Tip100",24635.0387596899
"1262","Zaphod2#DNA_hAT-Tip100",9436.08527131783
"1263","Zaphod3#DNA_hAT-Tip100",8320.73643410853
"1264","Zaphod4a#DNA_hAT-Tip100",2449.22480620155
"1265","Zaphod5a#DNA_hAT-Tip100",317.054263565891
"1266","Zaphod5b#DNA_hAT-Tip100",69.4961240310078
"1267","2A1",8345.73643410853
"1268","2A2",51345.7751937985
"1269","2B",319005.426356589
"1270","3A1",505.426356589147
"1271","3A2",2624.61240310078
"1272","3A3",15248.2558139535
"1273","3A4",383.449612403101
"1274","3A5",11131.7829457364
"1275","3A6",362340.426356589
"1276","3B1",2288.33333333333
"1277","3B2",882.790697674419
"1278","3B3",3085.73643410853
"1279","3B4",3807.48062015504
"1280","3B5",133358.914728682
